Date,Close
2010-01-04,23.01737403869629
2010-01-05,23.10515594482422
2010-01-06,23.072237014770508
2010-01-07,22.710132598876953
2010-01-08,23.097841262817383
2010-01-11,23.324615478515625
2010-01-12,23.258771896362305
2010-01-13,23.679397583007812
2010-01-14,23.83667755126953
2010-01-15,23.726945877075195
2010-01-18,23.858625411987305
2010-01-19,23.273406982421875
2010-01-20,22.8454647064209
2010-01-21,22.936899185180664
2010-01-22,22.563833236694336
2010-01-25,22.42118263244629
2010-01-27,22.212697982788086
2010-01-28,22.015188217163086
2010-01-29,22.04444122314453
2010-02-01,23.053953170776367
2010-02-02,23.233173370361328
2010-02-03,23.10515594482422
2010-02-04,23.17464828491211
2010-02-05,22.538225173950195
2010-02-08,22.655271530151367
2010-02-09,22.680875778198242
2010-02-10,23.108808517456055
2010-02-11,22.92593002319336
2010-02-15,22.384605407714844
2010-02-16,22.629667282104492
2010-02-17,22.834491729736328
2010-02-18,23.21122932434082
2010-02-19,23.53309440612793
2010-02-22,23.86959457397461
2010-02-23,23.591615676879883
2010-02-24,23.569679260253906
2010-02-25,23.547725677490234
2010-02-26,23.21854591369629
2010-03-02,22.812549591064453
2010-03-03,22.538225173950195
2010-03-04,22.260244369506836
2010-03-05,22.44312858581543
2010-03-08,22.505308151245117
2010-03-09,22.34071922302246
2010-03-10,22.369976043701172
2010-03-11,22.260244369506836
2010-03-12,22.220012664794922
2010-03-15,21.7518367767334
2010-03-16,22.106630325317383
2010-03-17,22.081022262573242
2010-03-18,21.9566650390625
2010-03-19,22.062734603881836
2010-03-22,21.916427612304688
2010-03-23,21.883516311645508
2010-03-25,21.481168746948242
2010-03-26,21.634794235229492
2010-03-29,22.102970123291016
2010-03-30,21.931060791015625
2010-03-31,21.634794235229492
2010-04-01,21.83230209350586
2010-04-05,21.51409912109375
2010-04-06,21.459224700927734
2010-04-07,21.466541290283203
2010-04-08,21.327558517456055
2010-04-09,21.192222595214844
2010-04-12,20.939847946166992
2010-04-13,20.753307342529297
2010-04-15,20.69844627380371
2010-04-16,20.62529182434082
2010-04-19,20.541166305541992
2010-04-20,20.574087142944336
2010-04-21,20.588712692260742
2010-04-22,20.555803298950195
2010-04-23,20.559459686279297
2010-04-26,20.533857345581055
2010-04-27,20.592370986938477
2010-04-28,20.46070098876953
2010-04-29,20.0656795501709
2010-04-30,21.5616455078125
2010-05-03,22.344371795654297
2010-05-04,22.088340759277344
2010-05-05,21.89813995361328
2010-05-06,22.479705810546875
2010-05-07,22.582117080688477
2010-05-10,22.11393928527832
2010-05-11,22.004213333129883
2010-05-12,22.062734603881836
2010-05-13,22.099313735961914
2010-05-14,22.60040855407715
2010-05-17,23.309988021850586
2010-05-18,23.149045944213867
2010-05-19,22.93324851989746
2010-05-20,23.825706481933594
2010-05-21,24.154890060424805
2010-05-24,23.785470962524414
2010-05-25,23.745243072509766
2010-05-26,23.7525577545166
2010-05-27,24.890077590942383
2010-05-28,24.970542907714844
2010-05-31,25.833738327026367
2010-06-01,26.111717224121094
2010-06-02,25.884937286376953
2010-06-03,25.753267288208008
2010-06-04,25.958097457885742
2010-06-07,25.07660675048828
2010-06-08,24.743764877319336
2010-06-09,25.30704116821289
2010-06-10,25.175363540649414
2010-06-11,24.78034019470215
2010-06-14,25.453350067138672
2010-06-15,24.154890060424805
2010-06-16,24.403606414794922
2010-06-17,24.670618057250977
2010-06-18,24.458471298217773
2010-06-21,24.465787887573242
2010-06-22,25.336299896240234
2010-06-23,25.478946685791016
2010-06-24,24.974199295043945
2010-06-25,27.64790916442871
2010-06-28,29.08534812927246
2010-06-29,28.774459838867188
2010-06-30,29.48769760131836
2010-07-01,29.260915756225586
2010-07-02,29.356016159057617
2010-07-05,29.173131942749023
2010-07-06,28.858579635620117
2010-07-07,28.41967010498047
2010-07-08,29.004892349243164
2010-07-09,29.308475494384766
2010-07-12,28.675704956054688
2010-07-13,28.785438537597656
2010-07-14,28.47453498840332
2010-07-15,27.391881942749023
2010-07-16,27.66254425048828
2010-07-19,27.585731506347656
2010-07-20,27.16145133972168
2010-07-21,27.36992645263672
2010-07-22,27.41382598876953
2010-07-23,27.304100036621094
2010-07-26,26.674985885620117
2010-07-27,26.57988929748535
2010-07-28,26.448219299316406
2010-07-29,25.961755752563477
2010-07-30,26.48114013671875
2010-08-02,26.19218635559082
2010-08-03,26.488452911376953
2010-08-04,26.279972076416016
2010-08-05,26.232418060302734
2010-08-06,26.846900939941406
2010-08-09,26.795690536499023
2010-08-10,27.2236385345459
2010-08-11,27.497957229614258
2010-08-12,27.89663314819336
2010-08-13,27.8234806060791
2010-08-16,27.903949737548828
2010-08-17,28.277027130126953
2010-08-18,28.41967010498047
2010-08-19,28.46721839904785
2010-08-20,28.7086181640625
2010-08-23,29.579137802124023
2010-08-24,29.838821411132812
2010-08-25,29.34504508972168
2010-08-26,29.55353546142578
2010-08-27,30.010732650756836
2010-08-30,30.109493255615234
2010-08-31,30.076576232910156
2010-09-01,31.01291847229004
2010-09-02,31.03853416442871
2010-09-03,31.07143783569336
2010-09-06,31.111675262451172
2010-09-07,31.184823989868164
2010-09-08,31.218788146972656
2010-09-09,30.947147369384766
2010-09-13,31.599821090698242
2010-09-14,33.082489013671875
2010-09-15,32.97306823730469
2010-09-16,32.47508239746094
2010-09-17,32.331722259521484
2010-09-20,33.282432556152344
2010-09-21,33.074928283691406
2010-09-22,32.7957649230957
2010-09-23,32.84102249145508
2010-09-24,33.022117614746094
2010-09-27,33.93510055541992
2010-09-28,33.603111267089844
2010-09-29,32.52035140991211
2010-09-30,31.44891929626465
2010-10-01,31.54700469970703
2010-10-04,31.36214828491211
2010-10-05,31.735641479492188
2010-10-06,31.818639755249023
2010-10-07,32.03367614746094
2010-10-08,31.882776260375977
2010-10-11,31.32064437866211
2010-10-12,31.30555534362793
2010-10-13,31.51304817199707
2010-10-14,30.886791229248047
2010-10-15,30.320886611938477
2010-10-18,30.634021759033203
2010-10-19,30.434070587158203
2010-10-20,30.875473022460938
2010-10-21,31.298004150390625
2010-10-22,32.301536560058594
2010-10-25,32.482627868652344
2010-10-26,32.04499435424805
2010-10-27,31.68281364440918
2010-10-28,31.762052536010742
2010-10-29,31.543237686157227
2010-11-01,31.9091796875
2010-11-02,31.90540885925293
2010-11-03,31.9506778717041
2010-11-04,31.343278884887695
2010-11-08,30.852842330932617
2010-11-09,31.116924285888672
2010-11-10,31.16974449157715
2010-11-11,30.769832611083984
2010-11-12,30.373703002929688
2010-11-15,30.102075576782227
2010-11-16,29.41922950744629
2010-11-18,30.026630401611328
2010-11-19,29.638042449951172
2010-11-22,29.102317810058594
2010-11-23,27.646060943603516
2010-11-24,27.325393676757812
2010-11-25,25.450380325317383
2010-11-26,25.971006393432617
2010-11-29,25.997419357299805
2010-11-30,26.155868530273438
2010-12-01,29.01555061340332
2010-12-02,29.102317810058594
2010-12-03,29.106096267700195
2010-12-06,28.41569709777832
2010-12-07,27.853567123413086
2010-12-08,28.07993507385254
2010-12-09,26.917951583862305
2010-12-10,27.66115379333496
2010-12-13,27.664939880371094
2010-12-14,28.332700729370117
2010-12-15,28.70995330810547
2010-12-16,28.623191833496094
2010-12-20,27.740392684936523
2010-12-21,27.46121597290039
2010-12-22,27.64984893798828
2010-12-23,27.355579376220703
2010-12-24,26.770814895629883
2010-12-27,26.73308753967285
2010-12-28,26.231325149536133
2010-12-29,26.29168128967285
2010-12-30,25.450380325317383
2010-12-31,25.835186004638672
2011-01-03,26.680274963378906
2011-01-04,26.318099975585938
2011-01-05,26.37091064453125
2011-01-06,25.771055221557617
2011-01-07,25.937049865722656
2011-01-10,25.29193115234375
2011-01-11,24.77130126953125
2011-01-12,24.111085891723633
2011-01-13,23.41691780090332
2011-01-14,23.375417709350586
2011-01-17,23.711181640625
2011-01-18,23.69231605529785
2011-01-19,23.665916442871094
2011-01-20,23.613088607788086
2011-01-21,24.733577728271484
2011-01-24,24.888256072998047
2011-01-25,25.41265296936035
2011-01-27,24.80147933959961
2011-01-28,25.220252990722656
2011-01-31,25.42397689819336
2011-02-01,24.50721549987793
2011-02-02,24.586437225341797
2011-02-03,24.182762145996094
2011-02-04,24.0695858001709
2011-02-07,24.32613182067871
2011-02-08,24.288400650024414
2011-02-09,23.820589065551758
2011-02-10,23.50745391845703
2011-02-11,23.726274490356445
2011-02-14,24.759986877441406
2011-02-15,25.11461639404297
2011-02-16,25.016529083251953
2011-02-17,24.797710418701172
2011-02-18,24.37139892578125
2011-02-21,23.96394920349121
2011-02-22,23.017013549804688
2011-02-23,22.900053024291992
2011-02-24,22.220985412597656
2011-02-25,22.111576080322266
2011-02-28,22.556751251220703
2011-03-01,23.458417892456055
2011-03-03,23.56782341003418
2011-03-04,23.737590789794922
2011-03-07,23.167919158935547
2011-03-08,23.38296127319336
2011-03-09,23.224510192871094
2011-03-10,22.97174072265625
2011-03-11,23.039649963378906
2011-03-14,23.37919044494629
2011-03-15,22.85101318359375
2011-03-16,23.443328857421875
2011-03-17,23.103790283203125
2011-03-18,22.900053024291992
2011-03-21,22.70011329650879
2011-03-22,22.556751251220703
2011-03-23,22.798200607299805
2011-03-24,23.017013549804688
2011-03-25,23.4697322845459
2011-03-28,23.81304359436035
2011-03-29,24.450624465942383
2011-03-30,25.601287841796875
2011-03-31,25.11461639404297
2011-04-01,25.11461639404297
2011-04-04,24.74489402770996
2011-04-05,24.514766693115234
2011-04-06,24.631715774536133
2011-04-07,25.32588768005371
2011-04-08,25.216476440429688
2011-04-11,24.54117202758789
2011-04-13,25.076885223388672
2011-04-15,24.869396209716797
2011-04-18,24.307266235351562
2011-04-19,25.046710968017578
2011-04-20,25.190074920654297
2011-04-21,25.00143814086914
2011-04-25,25.10706901550293
2011-04-26,25.05802345275879
2011-04-27,25.559782028198242
2011-04-28,25.529611587524414
2011-04-29,25.64278793334961
2011-05-02,25.903104782104492
2011-05-03,25.816329956054688
2011-05-04,26.246410369873047
2011-05-05,25.997419357299805
2011-05-06,26.623682022094727
2011-05-09,25.971006393432617
2011-05-10,25.921966552734375
2011-05-11,26.321866989135742
2011-05-12,26.329408645629883
2011-05-13,25.925743103027344
2011-05-16,25.722009658813477
2011-05-17,25.33719825744629
2011-05-18,24.216726303100586
2011-05-19,23.95263671875
2011-05-20,24.073360443115234
2011-05-23,23.922452926635742
2011-05-24,23.665916442871094
2011-05-25,22.873655319213867
2011-05-26,23.220741271972656
2011-05-27,24.175220489501953
2011-05-30,24.11486053466797
2011-05-31,24.77130126953125
2011-06-01,24.77130126953125
2011-06-02,25.016529083251953
2011-06-03,24.465715408325195
2011-06-06,24.118635177612305
2011-06-07,24.080909729003906
2011-06-08,24.303491592407227
2011-06-09,24.0695858001709
2011-06-10,23.665916442871094
2011-06-13,24.3902645111084
2011-06-14,24.37139892578125
2011-06-15,24.944841384887695
2011-06-16,24.741127014160156
2011-06-17,25.239110946655273
2011-06-20,24.578899383544922
2011-06-21,24.409130096435547
2011-06-22,24.141265869140625
2011-06-23,24.809032440185547
2011-06-24,25.42020606994629
2011-06-27,26.235097885131836
2011-06-28,25.752195358276367
2011-06-29,25.612606048583984
2011-06-30,25.41642951965332
2011-07-01,25.49565315246582
2011-07-04,25.49942970275879
2011-07-05,25.597511291503906
2011-07-06,25.41265296936035
2011-07-07,25.835186004638672
2011-07-08,25.54470443725586
2011-07-11,25.533384323120117
2011-07-12,25.616384506225586
2011-07-13,25.801237106323242
2011-07-14,25.476797103881836
2011-07-15,25.41642951965332
2011-07-18,25.45415687561035
2011-07-19,25.382474899291992
2011-07-20,25.144798278808594
2011-07-21,24.65434455871582
2011-07-22,24.631715774536133
2011-07-25,24.64303207397461
2011-07-26,24.095996856689453
2011-07-27,24.31104278564453
2011-07-28,23.99790382385254
2011-07-29,23.771547317504883
2011-08-01,23.51123809814453
2011-08-02,23.57537078857422
2011-08-03,23.994129180908203
2011-08-04,24.854307174682617
2011-08-05,25.12970542907715
2011-08-08,25.612606048583984
2011-08-09,25.488109588623047
2011-08-10,24.601531982421875
2011-08-11,24.465715408325195
2011-08-12,24.424217224121094
2011-08-16,24.25067710876465
2011-08-17,23.654598236083984
2011-08-18,23.477283477783203
2011-08-19,23.786638259887695
2011-08-22,24.14881706237793
2011-08-23,23.97527313232422
2011-08-24,23.94886589050293
2011-08-25,23.243377685546875
2011-08-26,22.986835479736328
2011-08-29,23.333921432495117
2011-08-30,23.096240997314453
2011-09-02,24.0695858001709
2011-09-05,23.839460372924805
2011-09-06,23.8696346282959
2011-09-07,23.926219940185547
2011-09-08,23.877178192138672
2011-09-09,23.586688995361328
2011-09-12,23.850772857666016
2011-09-13,23.9149112701416
2011-09-14,24.163908004760742
2011-09-15,24.61880111694336
2011-09-16,24.062816619873047
2011-09-19,24.117250442504883
2011-09-20,24.062816619873047
2011-09-21,23.95395851135254
2011-09-22,24.12114143371582
2011-09-23,24.346635818481445
2011-09-26,24.1055850982666
2011-09-27,24.45551109313965
2011-09-28,24.29998779296875
2011-09-29,24.346635818481445
2011-09-30,24.21833610534668
2011-10-03,24.747108459472656
2011-10-04,24.801532745361328
2011-10-05,24.62657928466797
2011-10-07,24.8326358795166
2011-10-10,24.373855590820312
2011-10-11,24.04337501525879
2011-10-12,24.004497528076172
2011-10-13,23.942289352416992
2011-10-14,23.720674514770508
2011-10-17,22.771997451782227
2011-10-18,22.721458435058594
2011-10-19,22.92363166809082
2011-10-20,22.624252319335938
2011-10-21,22.608705520629883
2011-10-24,22.717575073242188
2011-10-25,23.009164810180664
2011-10-28,22.935298919677734
2011-10-31,22.62813949584961
2011-11-01,22.93918228149414
2011-11-02,23.009164810180664
2011-11-03,23.343538284301758
2011-11-04,23.3513126373291
2011-11-08,23.273555755615234
2011-11-09,22.387088775634766
2011-11-11,21.846656799316406
2011-11-14,21.551172256469727
2011-11-15,21.426755905151367
2011-11-16,20.831893920898438
2011-11-17,20.551956176757812
2011-11-18,21.146818161010742
2011-11-21,20.851327896118164
2011-11-22,21.162370681762695
2011-11-23,20.45864486694336
2011-11-24,20.338117599487305
2011-11-25,20.602497100830078
2011-11-28,20.91742706298828
2011-11-29,20.40032196044922
2011-11-30,20.369220733642578
2011-12-01,20.112611770629883
2011-12-02,20.816343307495117
2011-12-05,20.84355354309082
2011-12-07,20.800783157348633
2011-12-08,20.7230281829834
2011-12-09,21.002958297729492
2011-12-12,20.925209045410156
2011-12-13,21.527847290039062
2011-12-14,20.967967987060547
2011-12-15,20.88632583618164
2011-12-16,20.75802230834961
2011-12-19,20.641382217407227
2011-12-20,20.63360595703125
2011-12-21,20.956310272216797
2011-12-22,21.302339553833008
2011-12-23,21.240131378173828
2011-12-26,20.956310272216797
2011-12-27,20.283681869506836
2011-12-28,19.677156448364258
2011-12-29,19.63827133178711
2011-12-30,19.731584548950195
2012-01-02,19.646053314208984
2012-01-03,19.498310089111328
2012-01-04,19.642166137695312
2012-01-05,19.68492889404297
2012-01-06,19.88710594177246
2012-01-09,19.84433937072754
2012-01-10,20.116497039794922
2012-01-11,20.583059310913086
2012-01-12,20.750242233276367
2012-01-13,20.785234451293945
2012-01-16,20.49752426147461
2012-01-17,20.948528289794922
2012-01-18,21.13515281677246
2012-01-19,21.181819915771484
2012-01-20,21.356773376464844
2012-01-23,21.62892723083496
2012-01-24,21.62115478515625
2012-01-25,22.037168502807617
2012-01-27,22.4920654296875
2012-01-30,21.850553512573242
2012-01-31,22.457073211669922
2012-02-01,21.111825942993164
2012-02-02,21.314001083374023
2012-02-03,21.150711059570312
2012-02-06,21.37232208251953
2012-02-07,21.0885009765625
2012-02-08,21.19347381591797
2012-02-09,21.131263732910156
2012-02-10,21.43842124938965
2012-02-13,21.442306518554688
2012-02-14,21.302339553833008
2012-02-15,21.512290954589844
2012-02-16,20.952417373657227
2012-02-17,21.057388305664062
2012-02-21,21.212915420532227
2012-02-22,21.54340171813965
2012-02-23,22.0488338470459
2012-02-24,21.50062370300293
2012-02-27,21.267351150512695
2012-02-28,21.4500789642334
2012-02-29,22.06827163696289
2012-03-01,21.59004783630371
2012-03-02,21.593936920166016
2012-03-05,21.55506134033203
2012-03-06,21.780563354492188
2012-03-07,21.22068977355957
2012-03-09,21.453969955444336
2012-03-12,21.422861099243164
2012-03-13,21.465639114379883
2012-03-14,21.43842124938965
2012-03-15,21.209028244018555
2012-03-16,21.263458251953125
2012-03-19,20.94464111328125
2012-03-20,21.002958297729492
2012-03-21,21.04961395263672
2012-03-22,20.7230281829834
2012-03-23,20.816343307495117
2012-03-26,20.439205169677734
2012-03-27,20.338117599487305
2012-03-28,20.198148727416992
2012-03-29,19.75103187561035
2012-03-30,20.427539825439453
2012-04-02,20.248693466186523
2012-04-03,20.71525001525879
2012-04-04,20.439205169677734
2012-04-09,19.9454288482666
2012-04-10,19.521635055541992
2012-04-11,19.521635055541992
2012-04-12,19.657716751098633
2012-04-13,19.564401626586914
2012-04-16,19.63827133178711
2012-04-17,19.92209815979004
2012-04-18,20.41975975036621
2012-04-19,20.34589195251465
2012-04-20,20.49363136291504
2012-04-23,20.182594299316406
2012-04-24,20.513078689575195
2012-04-25,20.221471786499023
2012-04-26,19.87544822692871
2012-04-27,20.15538215637207
2012-04-30,20.649154663085938
2012-05-02,20.159263610839844
2012-05-03,20.124277114868164
2012-05-04,20.015411376953125
2012-05-07,20.614166259765625
2012-05-08,20.614166259765625
2012-05-09,20.75802230834961
2012-05-10,20.66859245300293
2012-05-11,20.388656616210938
2012-05-14,20.49752426147461
2012-05-15,20.703588485717773
2012-05-16,20.796899795532227
2012-05-17,20.882434844970703
2012-05-18,21.080724716186523
2012-05-21,20.999074935913086
2012-05-22,21.115713119506836
2012-05-23,21.2440185546875
2012-05-24,21.0107421875
2012-05-25,20.664705276489258
2012-05-28,20.672483444213867
2012-05-29,20.256473541259766
2012-05-30,19.731584548950195
2012-05-31,19.87544822692871
2012-06-01,19.918210983276367
2012-06-04,20.205923080444336
2012-06-05,20.00374984741211
2012-06-06,19.747142791748047
2012-06-07,19.43610191345215
2012-06-08,19.3194580078125
2012-06-11,19.22614860534668
2012-06-12,19.222265243530273
2012-06-13,19.101730346679688
2012-06-14,18.91510772705078
2012-06-15,18.670162200927734
2012-06-18,18.763479232788086
2012-06-19,19.447765350341797
2012-06-20,19.778242111206055
2012-06-21,20.353668212890625
2012-06-22,20.3614444732666
2012-06-25,20.209815979003906
2012-06-26,20.233137130737305
2012-06-27,20.120391845703125
2012-06-28,19.681039810180664
2012-06-29,19.88710594177246
2012-07-02,19.89488410949707
2012-07-03,20.680261611938477
2012-07-04,20.532514572143555
2012-07-05,20.641382217407227
2012-07-06,20.9835205078125
2012-07-09,20.65692901611328
2012-07-10,20.707475662231445
2012-07-11,20.789121627807617
2012-07-12,21.185693740844727
2012-07-13,21.09239387512207
2012-07-16,21.072946548461914
2012-07-17,21.12737464904785
2012-07-18,20.936870574951172
2012-07-19,21.317888259887695
2012-07-20,21.061283111572266
2012-07-23,21.03017807006836
2012-07-24,20.979637145996094
2012-07-25,20.793010711669922
2012-07-26,20.3070068359375
2012-07-27,20.268131256103516
2012-07-30,20.637495040893555
2012-07-31,20.987411499023438
2012-08-01,20.800783157348633
2012-08-02,20.52085304260254
2012-08-03,20.41975975036621
2012-08-06,20.03874397277832
2012-08-07,19.83656120300293
2012-08-08,19.914325714111328
2012-08-09,19.564401626586914
2012-08-10,19.46720314025879
2012-08-13,19.789907455444336
2012-08-14,19.821008682250977
2012-08-16,19.478864669799805
2012-08-17,19.599393844604492
2012-08-21,19.591615676879883
2012-08-22,19.910429000854492
2012-08-23,19.661602020263672
2012-08-24,19.40888023376465
2012-08-27,19.3194580078125
2012-08-28,19.218372344970703
2012-08-29,18.977313995361328
2012-08-30,19.148387908935547
2012-08-31,18.860679626464844
2012-09-03,18.880115509033203
2012-09-04,18.96953582763672
2012-09-05,19.489524841308594
2012-09-06,19.64432716369629
2012-09-07,19.711811065673828
2012-09-10,20.025386810302734
2012-09-11,20.12859344482422
2012-09-12,20.08889389038086
2012-09-13,20.211946487426758
2012-09-14,19.751508712768555
2012-09-17,19.672115325927734
2012-09-18,19.715776443481445
2012-09-20,19.699899673461914
2012-09-21,20.061111450195312
2012-09-24,20.33896255493164
2012-09-25,20.176225662231445
2012-09-26,20.211946487426758
2012-09-27,19.751508712768555
2012-09-28,19.886455535888672
2012-10-01,20.080957412719727
2012-10-03,20.172252655029297
2012-10-04,20.664453506469727
2012-10-05,20.57316017150879
2012-10-08,20.64460563659668
2012-10-09,20.52949333190918
2012-10-10,20.517587661743164
2012-10-11,20.549345016479492
2012-10-12,20.42629623413086
2012-10-15,20.299272537231445
2012-10-16,20.204004287719727
2012-10-17,20.382627487182617
2012-10-18,20.473922729492188
2012-10-19,20.59300994873047
2012-10-22,20.62079429626465
2012-10-23,20.652544021606445
2012-10-25,20.656513214111328
2012-10-29,20.664453506469727
2012-10-30,20.62476348876953
2012-10-31,20.68033790588379
2012-11-01,20.648574829101562
2012-11-02,20.839099884033203
2012-11-05,20.688274383544922
2012-11-06,20.811321258544922
2012-11-07,20.918485641479492
2012-11-08,21.077268600463867
2012-11-09,20.807353973388672
2012-11-12,20.75971794128418
2012-11-15,20.52155303955078
2012-11-16,20.481861114501953
2012-11-19,20.311182022094727
2012-11-20,20.489809036254883
2012-11-21,20.553316116333008
2012-11-22,20.442167282104492
2012-11-23,20.565221786499023
2012-11-26,20.59697723388672
2012-11-27,20.66842269897461
2012-11-29,20.783531188964844
2012-11-30,20.938337326049805
2012-12-03,20.787500381469727
2012-12-04,20.83116912841797
2012-12-05,20.854982376098633
2012-12-06,20.9700927734375
2012-12-07,20.978031158447266
2012-12-10,21.025659561157227
2012-12-11,20.926433563232422
2012-12-12,20.696210861206055
2012-12-13,20.688274383544922
2012-12-14,20.720020294189453
2012-12-17,20.74384307861328
2012-12-18,20.731931686401367
2012-12-19,20.783531188964844
2012-12-20,20.628725051879883
2012-12-21,20.616823196411133
2012-12-24,20.434232711791992
2012-12-26,20.577131271362305
2012-12-27,20.720020294189453
2012-12-28,21.343215942382812
2012-12-31,21.426570892333984
2013-01-01,21.168561935424805
2013-01-02,21.59328842163086
2013-01-03,21.55755615234375
2013-01-04,22.319673538208008
2013-01-07,22.327608108520508
2013-01-08,22.335552215576172
2013-01-09,22.732486724853516
2013-01-10,22.716604232788086
2013-01-11,22.605457305908203
2013-01-14,22.871410369873047
2013-01-15,23.621618270874023
2013-01-16,23.573989868164062
2013-01-17,25.078372955322266
2013-01-18,27.729904174804688
2013-01-21,27.356788635253906
2013-01-22,26.467641830444336
2013-01-23,25.87621307373047
2013-01-24,24.915632247924805
2013-01-25,25.685684204101562
2013-01-28,25.292720794677734
2013-01-29,24.645713806152344
2013-01-30,24.89975357055664
2013-01-31,25.983386993408203
2013-02-01,26.741533279418945
2013-02-04,26.086597442626953
2013-02-05,26.392230987548828
2013-02-06,26.420015335083008
2013-02-07,25.896055221557617
2013-02-08,25.022804260253906
2013-02-11,24.80051612854004
2013-02-12,25.169673919677734
2013-02-13,25.41973304748535
2013-02-14,25.129972457885742
2013-02-15,24.99105453491211
2013-02-18,24.81242561340332
2013-02-19,24.963260650634766
2013-02-20,25.237152099609375
2013-02-21,24.94341468811035
2013-02-22,24.796554565429688
2013-02-25,24.340078353881836
2013-02-26,23.335826873779297
2013-02-27,24.324201583862305
2013-02-28,23.236602783203125
2013-03-01,23.724828720092773
2013-03-04,24.117786407470703
2013-03-05,24.45915412902832
2013-03-06,24.37579917907715
2013-03-07,24.38770294189453
2013-03-08,24.764795303344727
2013-03-11,24.91166877746582
2013-03-12,24.64968490600586
2013-03-13,24.506790161132812
2013-03-14,24.594112396240234
2013-03-15,25.209362030029297
2013-03-18,24.665569305419922
2013-03-19,24.22893714904785
2013-03-20,23.816118240356445
2013-03-21,23.75260353088379
2013-03-22,23.02621841430664
2013-03-25,22.18471908569336
2013-03-26,21.69648551940918
2013-03-28,22.35540771484375
2013-04-01,22.339519500732422
2013-04-02,22.605457305908203
2013-04-03,23.006372451782227
2013-04-04,22.454633712768555
2013-04-05,22.89522933959961
2013-04-08,23.042095184326172
2013-04-09,22.780118942260742
2013-04-10,22.82775115966797
2013-04-11,22.926986694335938
2013-04-12,23.07781982421875
2013-04-15,23.95107650756836
2013-04-16,24.058252334594727
2013-04-17,23.923290252685547
2013-04-18,24.054285049438477
2013-04-22,24.11382293701172
2013-04-23,24.399614334106445
2013-04-25,24.117786407470703
2013-04-26,23.90345001220703
2013-04-29,23.96695899963379
2013-04-30,23.76848793029785
2013-05-02,24.042373657226562
2013-05-03,23.208810806274414
2013-05-06,23.383455276489258
2013-05-07,23.335826873779297
2013-05-08,23.165142059326172
2013-05-09,23.387426376342773
2013-05-10,24.26068878173828
2013-05-13,23.796283721923828
2013-05-14,24.078092575073242
2013-05-15,24.621896743774414
2013-05-16,24.72510528564453
2013-05-17,24.7171688079834
2013-05-20,24.066194534301758
2013-05-21,24.197179794311523
2013-05-22,23.26438331604004
2013-05-23,22.752336502075195
2013-05-24,22.96270751953125
2013-05-27,22.95079803466797
2013-05-28,23.288198471069336
2013-05-29,23.1810245513916
2013-05-30,23.379491806030273
2013-05-31,22.692794799804688
2013-06-03,22.57371711730957
2013-06-04,22.526079177856445
2013-06-05,22.387157440185547
2013-06-06,21.954486846923828
2013-06-07,21.438478469848633
2013-06-10,21.15268325805664
2013-06-11,20.676362991333008
2013-06-12,20.652544021606445
2013-06-13,19.9023380279541
2013-06-14,19.993637084960938
2013-06-17,20.084922790527344
2013-06-18,19.711811065673828
2013-06-19,19.1044979095459
2013-06-20,19.1044979095459
2013-06-21,18.648021697998047
2013-06-24,17.38973617553711
2013-06-25,17.67156410217285
2013-06-26,17.60805320739746
2013-06-27,17.739038467407227
2013-06-28,18.636119842529297
2013-07-01,18.782981872558594
2013-07-02,18.782981872558594
2013-07-03,17.917659759521484
2013-07-04,17.81446075439453
2013-07-05,17.881933212280273
2013-07-08,17.226993560791016
2013-07-09,17.425457000732422
2013-07-10,17.397680282592773
2013-07-11,17.643774032592773
2013-07-12,17.758888244628906
2013-07-15,18.04865074157715
2013-07-16,18.215362548828125
2013-07-17,17.873998641967773
2013-07-18,18.159793853759766
2013-07-19,17.889875411987305
2013-07-22,17.842247009277344
2013-07-23,17.917659759521484
2013-07-24,17.719192504882812
2013-07-25,17.485000610351562
2013-07-26,17.731101989746094
2013-07-29,16.90944480895996
2013-07-30,15.516204833984375
2013-07-31,16.266414642333984
2013-08-01,15.52414321899414
2013-08-02,15.325675964355469
2013-08-05,15.428879737854004
2013-08-06,15.313770294189453
2013-08-07,15.516204833984375
2013-08-08,15.520173072814941
2013-08-12,15.897261619567871
2013-08-13,15.940924644470215
2013-08-14,17.056306838989258
2013-08-16,16.70701026916504
2013-08-19,16.516477584838867
2013-08-20,16.695100784301758
2013-08-21,16.76258087158203
2013-08-22,17.151079177856445
2013-08-23,17.441425323486328
2013-08-26,17.56001853942871
2013-08-27,17.020212173461914
2013-08-28,16.9915828704834
2013-08-29,17.151079177856445
2013-08-30,17.126535415649414
2013-09-02,17.20014190673828
2013-09-03,16.91797637939453
2013-09-04,17.236949920654297
2013-09-05,18.189790725708008
2013-09-06,18.979049682617188
2013-09-10,18.279752731323242
2013-09-11,18.750041961669922
2013-09-12,18.692790985107422
2013-09-13,19.052663803100586
2013-09-16,18.962692260742188
2013-09-17,19.081287384033203
2013-09-18,18.827739715576172
2013-09-19,19.142627716064453
2013-09-20,18.29611587524414
2013-09-23,18.091646194458008
2013-09-24,17.956697463989258
2013-09-25,17.66225242614746
2013-09-26,16.926156997680664
2013-09-27,17.277849197387695
2013-09-30,16.999765396118164
2013-10-01,16.7380428314209
2013-10-03,16.9915828704834
2013-10-04,17.30238151550293
2013-10-07,17.375991821289062
2013-10-08,17.212413787841797
2013-10-09,16.9915828704834
2013-10-10,17.01612091064453
2013-10-11,16.84436798095703
2013-10-14,16.554018020629883
2013-10-15,16.410884857177734
2013-10-17,16.1982364654541
2013-10-18,16.345458984375
2013-10-21,16.28411865234375
2013-10-22,16.623538970947266
2013-10-23,16.541749954223633
2013-10-24,16.29229736328125
2013-10-25,16.29229736328125
2013-10-28,16.3536376953125
2013-10-29,16.25139808654785
2013-10-30,16.37408447265625
2013-10-31,16.525388717651367
2013-11-01,16.84027862548828
2013-11-05,17.670434951782227
2013-11-06,17.678611755371094
2013-11-07,17.183788299560547
2013-11-08,17.445514678955078
2013-11-11,16.61126708984375
2013-11-12,16.271846771240234
2013-11-13,16.161436080932617
2013-11-14,16.202329635620117
2013-11-18,16.607179641723633
2013-11-19,16.75031280517578
2013-11-20,16.46405029296875
2013-11-21,16.25957489013672
2013-11-22,16.406797409057617
2013-11-25,16.8361873626709
2013-11-26,16.439510345458984
2013-11-27,16.3291015625
2013-11-28,16.36590576171875
2013-11-29,16.443599700927734
2013-12-02,16.648075103759766
2013-12-03,16.541749954223633
2013-12-04,16.549928665161133
2013-12-05,16.7952938079834
2013-12-06,16.78711700439453
2013-12-09,17.06519317626953
2013-12-10,16.7135066986084
2013-12-11,16.85254669189453
2013-12-12,16.570369720458984
2013-12-13,16.296384811401367
2013-12-16,16.169614791870117
2013-12-17,16.112356185913086
2013-12-18,16.570369720458984
2013-12-19,16.3536376953125
2013-12-20,16.7053279876709
2013-12-23,17.01612091064453
2013-12-24,17.314659118652344
2013-12-26,17.441425323486328
2013-12-27,17.425067901611328
2013-12-30,17.331012725830078
2013-12-31,17.515037536621094
2014-01-01,17.057018280029297
2014-01-02,16.832101821899414
2014-01-03,16.639894485473633
2014-01-06,16.729869842529297
2014-01-07,16.337278366088867
2014-01-08,15.98967456817627
2014-01-09,16.263669967651367
2014-01-10,16.414979934692383
2014-01-13,16.958873748779297
2014-01-14,16.85663604736328
2014-01-15,17.13880729675293
2014-01-16,17.359636306762695
2014-01-17,18.41061782836914
2014-01-20,18.381996154785156
2014-01-21,18.41061782836914
2014-01-22,18.709148406982422
2014-01-23,18.643712997436523
2014-01-24,18.635540008544922
2014-01-27,18.287933349609375
2014-01-28,18.29611587524414
2014-01-29,19.269399642944336
2014-01-30,19.375732421875
2014-01-31,20.066837310791016
2014-02-03,20.046396255493164
2014-02-04,19.858278274536133
2014-02-05,19.473873138427734
2014-02-06,20.1527156829834
2014-02-07,20.12409210205078
2014-02-10,20.410350799560547
2014-02-11,21.134180068969727
2014-02-12,21.02376365661621
2014-02-13,19.997314453125
2014-02-14,19.637451171875
2014-02-17,19.69879150390625
2014-02-18,19.490224838256836
2014-02-19,19.711063385009766
2014-02-20,19.4493350982666
2014-02-21,19.878726959228516
2014-02-24,19.960512161254883
2014-02-25,20.238595962524414
2014-02-26,20.283580780029297
2014-02-28,20.312204360961914
2014-03-03,20.500320434570312
2014-03-04,20.696613311767578
2014-03-05,20.872455596923828
2014-03-06,21.629005432128906
2014-03-07,21.858009338378906
2014-03-10,21.980695724487305
2014-03-11,22.074758529663086
2014-03-12,21.65762710571289
2014-03-13,22.573659896850586
2014-03-14,22.001140594482422
2014-03-18,21.94388771057129
2014-03-19,21.367279052734375
2014-03-20,20.700702667236328
2014-03-21,19.801029205322266
2014-03-24,20.86837387084961
2014-03-25,21.408174514770508
2014-03-26,21.522676467895508
2014-03-27,22.082927703857422
2014-03-28,22.49596405029297
2014-03-31,23.035770416259766
2014-04-01,22.40599250793457
2014-04-02,22.647279739379883
2014-04-03,22.365100860595703
2014-04-04,23.03168296813965
2014-04-07,22.430530548095703
2014-04-09,22.97441864013672
2014-04-10,22.671812057495117
2014-04-11,22.25468635559082
2014-04-15,21.784400939941406
2014-04-16,21.355010986328125
2014-04-17,21.59628677368164
2014-04-21,21.776222229003906
2014-04-22,22.54912757873535
2014-04-23,22.13199806213379
2014-04-24,22.13199806213379
2014-04-25,21.55539321899414
2014-04-28,21.66989517211914
2014-04-29,21.776222229003906
2014-04-30,21.54721450805664
2014-05-02,21.89481544494629
2014-05-05,22.017499923706055
2014-05-06,22.164722442626953
2014-05-07,22.438709259033203
2014-05-08,22.786312103271484
2014-05-09,23.436532974243164
2014-05-12,24.70016860961914
2014-05-13,25.542591094970703
2014-05-14,25.162273406982422
2014-05-15,25.22769546508789
2014-05-16,26.793949127197266
2014-05-19,29.255794525146484
2014-05-20,28.50334358215332
2014-05-21,28.290685653686523
2014-05-22,29.06358528137207
2014-05-23,29.746522903442383
2014-05-26,30.368120193481445
2014-05-27,29.55431365966797
2014-05-28,29.30895233154297
2014-05-29,28.90410041809082
2014-05-30,29.452083587646484
2014-06-02,29.713809967041016
2014-06-03,29.38256072998047
2014-06-04,28.826406478881836
2014-06-05,30.057315826416016
2014-06-06,30.519437789916992
2014-06-09,30.04096031188965
2014-06-10,29.349851608276367
2014-06-11,28.732345581054688
2014-06-12,28.814130783081055
2014-06-13,27.26015281677246
2014-06-16,27.456443786621094
2014-06-17,28.65873908996582
2014-06-18,28.004425048828125
2014-06-19,27.317401885986328
2014-06-20,26.319581985473633
2014-06-23,26.777597427368164
2014-06-24,27.971710205078125
2014-06-25,28.06985092163086
2014-06-26,26.818490982055664
2014-06-27,27.219249725341797
2014-06-30,28.184362411499023
2014-07-01,28.028955459594727
2014-07-02,28.049407958984375
2014-07-03,28.04123306274414
2014-07-04,28.540143966674805
2014-07-07,27.992162704467773
2014-07-08,27.17426872253418
2014-07-09,27.95125961303711
2014-07-10,28.028955459594727
2014-07-11,27.301044464111328
2014-07-14,26.76532745361328
2014-07-15,27.137460708618164
2014-07-16,27.656827926635742
2014-07-17,27.808128356933594
2014-07-18,27.41555404663086
2014-07-21,26.908456802368164
2014-07-22,27.100662231445312
2014-07-23,27.333768844604492
2014-07-24,27.063854217529297
2014-07-25,26.609926223754883
2014-07-28,26.3441162109375
2014-07-30,26.503599166870117
2014-07-31,27.092483520507812
2014-08-01,26.96162223815918
2014-08-04,28.098480224609375
2014-08-05,27.501428604125977
2014-08-06,26.94525718688965
2014-08-07,27.693632125854492
2014-08-08,26.524049758911133
2014-08-11,26.924821853637695
2014-08-12,27.894010543823242
2014-08-13,28.17209243774414
2014-08-14,28.377666473388672
2014-08-18,29.564958572387695
2014-08-19,30.064218521118164
2014-08-20,29.79990577697754
2014-08-21,30.941055297851562
2014-08-22,30.399845123291016
2014-08-25,30.022258758544922
2014-08-26,29.573362350463867
2014-08-27,29.820884704589844
2014-08-28,30.15651512145996
2014-09-01,31.93955421447754
2014-09-02,32.27938461303711
2014-09-03,32.80800247192383
2014-09-04,32.262603759765625
2014-09-05,32.50593566894531
2014-09-08,33.621917724609375
2014-09-09,33.365997314453125
2014-09-10,32.7954216003418
2014-09-11,33.31564712524414
2014-09-12,33.579952239990234
2014-09-15,33.479270935058594
2014-09-16,31.473873138427734
2014-09-17,30.936861038208008
2014-09-18,31.72559356689453
2014-09-19,31.13824462890625
2014-09-22,31.33122444152832
2014-09-23,29.992895126342773
2014-09-24,29.833473205566406
2014-09-25,28.82657241821289
2014-09-26,29.48525047302246
2014-09-29,28.981809616088867
2014-09-30,30.408239364624023
2014-10-01,30.43341064453125
2014-10-07,29.997087478637695
2014-10-08,32.05282974243164
2014-10-09,31.754962921142578
2014-10-10,31.499042510986328
2014-10-13,31.855653762817383
2014-10-14,30.823583602905273
2014-10-15,30.823583602905273
2014-10-16,30.143924713134766
2014-10-17,30.676742553710938
2014-10-20,31.843063354492188
2014-10-21,31.020769119262695
2014-10-22,30.3704776763916
2014-10-27,29.627891540527344
2014-10-28,29.946754455566406
2014-10-29,29.862836837768555
2014-10-30,29.959321975708008
2014-10-31,30.555072784423828
2014-11-03,30.609617233276367
2014-11-05,30.987199783325195
2014-11-07,31.482254028320312
2014-11-10,31.74237060546875
2014-11-11,31.587160110473633
2014-11-12,30.399845123291016
2014-11-13,29.053123474121094
2014-11-14,29.938352584838867
2014-11-17,29.98450469970703
2014-11-18,29.67404556274414
2014-11-19,28.843355178833008
2014-11-20,28.927265167236328
2014-11-21,29.015369415283203
2014-11-24,28.87691879272461
2014-11-25,28.52031135559082
2014-11-26,28.78042221069336
2014-11-27,29.28805923461914
2014-11-28,30.62220573425293
2014-12-01,30.232032775878906
2014-12-02,29.52301597595215
2014-12-03,28.97760772705078
2014-12-04,29.116060256958008
2014-12-05,28.981809616088867
2014-12-08,28.855941772460938
2014-12-09,29.187379837036133
2014-12-10,28.965024948120117
2014-12-11,29.044736862182617
2014-12-12,28.61260414123535
2014-12-15,27.647661209106445
2014-12-16,27.421113967895508
2014-12-17,27.110658645629883
2014-12-18,27.68962287902832
2014-12-19,28.104963302612305
2014-12-22,28.16370391845703
2014-12-23,28.11335563659668
2014-12-24,27.425312042236328
2014-12-26,27.500816345214844
2014-12-29,27.85324478149414
2014-12-30,27.89938735961914
2014-12-31,27.878416061401367
2015-01-01,28.23082733154297
2015-01-02,28.075593948364258
2015-01-05,28.377666473388672
2015-01-06,28.063003540039062
2015-01-07,28.11335563659668
2015-01-08,28.822383880615234
2015-01-09,28.671344757080078
2015-01-12,28.486745834350586
2015-01-13,28.54128646850586
2015-01-14,28.167896270751953
2015-01-15,28.197265625
2015-01-16,28.235017776489258
2015-01-19,28.260189056396484
2015-01-20,28.255996704101562
2015-01-21,27.693815231323242
2015-01-22,27.828067779541016
2015-01-23,27.77352523803711
2015-01-27,27.781917572021484
2015-01-28,28.373472213745117
2015-01-29,29.229331970214844
2015-01-30,29.14122200012207
2015-02-02,28.524503707885742
2015-02-03,27.752552032470703
2015-02-04,28.125944137573242
2015-02-05,28.079790115356445
2015-02-06,27.484046936035156
2015-02-09,26.81277847290039
2015-02-10,26.09117317199707
2015-02-11,26.68692398071289
2015-02-12,26.46455955505371
2015-02-13,26.03244400024414
2015-02-16,26.67852783203125
2015-02-18,27.870027542114258
2015-02-19,28.797199249267578
2015-02-20,27.945547103881836
2015-02-23,28.352493286132812
2015-02-24,27.58893394470215
2015-02-25,27.454681396484375
2015-02-26,27.492431640625
2015-02-27,27.995891571044922
2015-03-02,29.426513671875
2015-03-03,29.9047908782959
2015-03-04,28.621002197265625
2015-03-05,29.25870132446289
2015-03-09,29.363582611083984
2015-03-10,29.036344528198242
2015-03-11,28.616806030273438
2015-03-12,29.015369415283203
2015-03-13,28.448991775512695
2015-03-16,28.65036392211914
2015-03-17,29.12025260925293
2015-03-18,29.342605590820312
2015-03-19,29.401350021362305
2015-03-20,28.87272071838379
2015-03-23,28.692317962646484
2015-03-24,29.137033462524414
2015-03-25,29.52301597595215
2015-03-26,29.33002471923828
2015-03-27,29.074100494384766
2015-03-30,29.7453670501709
2015-03-31,30.932661056518555
2015-04-01,31.09629249572754
2015-04-06,31.38156509399414
2015-04-07,31.23053741455078
2015-04-08,31.645877838134766
2015-04-09,31.46548080444336
2015-04-10,31.469675064086914
2015-04-13,31.629098892211914
2015-04-15,31.293472290039062
2015-04-16,30.534103393554688
2015-04-17,30.15651512145996
2015-04-20,30.160703659057617
2015-04-21,29.808298110961914
2015-04-22,30.496341705322266
2015-04-23,30.92007827758789
2015-04-24,29.85444450378418
2015-04-27,29.33422088623047
2015-04-28,29.489444732666016
2015-04-29,29.355194091796875
2015-04-30,30.30755043029785
2015-05-04,30.605424880981445
2015-05-05,30.55927085876465
2015-05-06,28.218242645263672
2015-05-07,27.760942459106445
2015-05-08,28.138532638549805
2015-05-11,28.440593719482422
2015-05-12,27.88680076599121
2015-05-13,28.109161376953125
2015-05-14,28.021055221557617
2015-05-15,28.24761199951172
2015-05-18,28.813989639282227
2015-05-19,28.927265167236328
2015-05-20,28.830772399902344
2015-05-21,29.275487899780273
2015-05-22,29.23772621154785
2015-05-25,29.271284103393555
2015-05-26,29.170602798461914
2015-05-27,30.093582153320312
2015-05-28,30.261404037475586
2015-05-29,29.888010025024414
2015-06-01,29.766342163085938
2015-06-02,29.292261123657227
2015-06-03,28.4364013671875
2015-06-04,29.40972900390625
2015-06-05,29.787311553955078
2015-06-08,29.44329833984375
2015-06-09,29.342605590820312
2015-06-10,29.074100494384766
2015-06-11,28.516117095947266
2015-06-12,29.434907913208008
2015-06-15,29.644672393798828
2015-06-16,29.938352584838867
2015-06-17,29.506223678588867
2015-06-18,31.423519134521484
2015-06-19,32.09059524536133
2015-06-22,32.13254928588867
2015-06-23,33.3953742980957
2015-06-24,32.71151351928711
2015-06-25,32.59823989868164
2015-06-26,32.262603759765625
2015-06-29,32.2835807800293
2015-06-30,32.33811569213867
2015-07-01,32.862552642822266
2015-07-02,34.603633880615234
2015-07-03,35.00640106201172
2015-07-06,35.77835464477539
2015-07-07,35.83707809448242
2015-07-08,36.02587890625
2015-07-09,35.10707473754883
2015-07-10,35.266502380371094
2015-07-13,35.63570785522461
2015-07-14,36.822998046875
2015-07-15,36.31536102294922
2015-07-16,37.0831184387207
2015-07-17,36.8355827331543
2015-07-20,37.3474235534668
2015-07-21,36.80622100830078
2015-07-22,37.573974609375
2015-07-23,38.14875030517578
2015-07-24,38.383689880371094
2015-07-27,38.236854553222656
2015-07-28,37.42294692993164
2015-07-29,37.599143981933594
2015-07-30,37.41454315185547
2015-07-31,36.193687438964844
2015-08-03,35.665077209472656
2015-08-04,35.66926193237305
2015-08-05,35.51823425292969
2015-08-06,35.153236389160156
2015-08-07,35.77835464477539
2015-08-10,36.05944061279297
2015-08-11,35.12806701660156
2015-08-12,32.58985137939453
2015-08-13,33.13525390625
2015-08-14,32.694732666015625
2015-08-17,32.30036926269531
2015-08-18,33.56737518310547
2015-08-19,33.39115905761719
2015-08-20,33.37018966674805
2015-08-21,33.13105392456055
2015-08-24,31.72559356689453
2015-08-25,33.13105392456055
2015-08-26,33.05133819580078
2015-08-27,34.38966751098633
2015-08-28,34.003692626953125
2015-08-31,34.77564239501953
2015-09-01,34.06242752075195
2015-09-02,33.156211853027344
2015-09-03,33.54220199584961
2015-09-04,34.88167190551758
2015-09-07,33.64884567260742
2015-09-08,33.47394943237305
2015-09-09,34.34844207763672
2015-09-10,34.02423858642578
2015-09-11,34.06690979003906
2015-09-14,34.28445053100586
2015-09-15,33.96451187133789
2015-09-16,33.70430374145508
2015-09-18,33.2777214050293
2015-09-21,32.970584869384766
2015-09-22,33.32891082763672
2015-09-23,33.75122833251953
2015-09-24,33.63605880737305
2015-09-28,34.028499603271484
2015-09-29,33.67018127441406
2015-09-30,34.31431579589844
2015-10-01,34.233253479003906
2015-10-05,34.31005096435547
2015-10-06,34.40389633178711
2015-10-07,33.94744873046875
2015-10-08,34.11808395385742
2015-10-09,34.06690979003906
2015-10-12,34.05836486816406
2015-10-13,34.122352600097656
2015-10-14,34.122352600097656
2015-10-15,34.39109802246094
2015-10-16,34.736629486083984
2015-10-19,34.63425064086914
2015-10-20,34.33564758300781
2015-10-21,33.896270751953125
2015-10-23,34.109554290771484
2015-10-26,33.53366470336914
2015-10-27,34.03703308105469
2015-10-28,34.11382293701172
2015-10-29,33.48674011230469
2015-10-30,34.105289459228516
2015-11-02,33.900535583496094
2015-11-03,34.237518310546875
2015-11-04,34.988311767578125
2015-11-05,34.890201568603516
2015-11-06,35.129085540771484
2015-11-09,35.2527961730957
2015-11-10,34.04130172729492
2015-11-13,34.79208755493164
2015-11-16,34.322853088378906
2015-11-17,34.11382293701172
2015-11-18,34.442283630371094
2015-11-19,34.73236846923828
2015-11-20,35.107765197753906
2015-11-23,35.13335037231445
2015-11-24,35.696434020996094
2015-11-26,35.92253875732422
2015-11-27,35.78602600097656
2015-11-30,35.875606536865234
2015-12-01,36.971923828125
2015-12-02,36.8098258972168
2015-12-03,36.733036041259766
2015-12-04,36.541080474853516
2015-12-07,36.57520294189453
2015-12-08,36.05475997924805
2015-12-09,35.24427032470703
2015-12-10,35.474613189697266
2015-12-11,35.44049072265625
2015-12-14,35.321048736572266
2015-12-15,35.68365478515625
2015-12-16,36.32352066040039
2015-12-17,36.69038009643555
2015-12-18,36.31071472167969
2015-12-21,37.15109634399414
2015-12-22,36.91219711303711
2015-12-23,36.95060348510742
2015-12-24,36.993247985839844
2015-12-28,36.76289749145508
2015-12-29,36.72024154663086
2015-12-30,36.332061767578125
2015-12-31,36.56240463256836
2016-01-01,36.963401794433594
2016-01-04,36.38323974609375
2016-01-05,37.7653694152832
2016-01-06,38.4649658203125
2016-01-07,37.671512603759766
2016-01-08,38.11943054199219
2016-01-11,37.78670120239258
2016-01-12,37.53927993774414
2016-01-13,37.47102737426758
2016-01-14,37.146827697753906
2016-01-15,36.40031051635742
2016-01-18,35.568477630615234
2016-01-19,35.40636444091797
2016-01-20,34.399635314941406
2016-01-21,33.79814529418945
2016-01-22,34.67264175415039
2016-01-25,33.74269104003906
2016-01-27,33.87065887451172
2016-01-28,34.00291061401367
2016-01-29,34.322853088378906
2016-02-01,34.44655227661133
2016-02-02,34.00718307495117
2016-02-03,33.815216064453125
2016-02-04,33.22652816772461
2016-02-05,33.66163635253906
2016-02-08,33.30331802368164
2016-02-09,33.1369514465332
2016-02-10,32.76581954956055
2016-02-11,31.754819869995117
2016-02-12,31.102148056030273
2016-02-15,33.15401077270508
2016-02-16,32.21126174926758
2016-02-17,32.63357925415039
2016-02-18,33.380104064941406
2016-02-19,31.844396591186523
2016-02-22,32.28377914428711
2016-02-23,31.40072250366211
2016-02-24,32.10630416870117
2016-02-25,31.521923065185547
2016-02-26,31.539236068725586
2016-02-29,31.82926368713379
2016-03-01,33.41791534423828
2016-03-02,33.6862907409668
2016-03-03,34.153804779052734
2016-03-04,33.677642822265625
2016-03-08,34.46546173095703
2016-03-09,33.7425651550293
2016-03-10,33.42657470703125
2016-03-11,33.40924835205078
2016-03-14,33.34864807128906
2016-03-15,33.95467758178711
2016-03-16,33.643009185791016
2016-03-17,34.50442123413086
2016-03-18,33.85511779785156
2016-03-21,34.15812683105469
2016-03-22,34.088871002197266
2016-03-23,34.032596588134766
2016-03-28,33.9373664855957
2016-03-29,34.13215637207031
2016-03-30,34.62995910644531
2016-03-31,34.07588195800781
2016-04-01,34.02826690673828
2016-04-04,34.7641487121582
2016-04-05,34.816104888916016
2016-04-06,35.55630874633789
2016-04-07,35.59527587890625
2016-04-08,35.72513961791992
2016-04-11,36.015159606933594
2016-04-12,35.92425537109375
2016-04-13,36.0498046875
2016-04-18,37.1492919921875
2016-04-20,36.67313766479492
2016-04-21,36.790000915527344
2016-04-22,37.09733963012695
2016-04-25,37.13630294799805
2016-04-26,37.586483001708984
2016-04-27,37.84621810913086
2016-04-28,36.707759857177734
2016-04-29,37.508575439453125
2016-05-02,36.90255355834961
2016-05-03,36.335487365722656
2016-05-04,35.73379135131836
2016-05-05,35.508689880371094
2016-05-06,36.015159606933594
2016-05-09,36.30952453613281
2016-05-10,35.81602478027344
2016-05-11,35.46974563598633
2016-05-12,35.91128158569336
2016-05-13,35.87664031982422
2016-05-16,35.452423095703125
2016-05-17,35.292266845703125
2016-05-18,35.20135498046875
2016-05-19,35.66453170776367
2016-05-20,35.452423095703125
2016-05-23,35.01089096069336
2016-05-24,34.35725021362305
2016-05-25,34.902671813964844
2016-05-26,34.816104888916016
2016-05-27,35.75110626220703
2016-05-30,34.889686584472656
2016-05-31,36.02381134033203
2016-06-01,36.41340255737305
2016-06-02,36.370113372802734
2016-06-03,36.707759857177734
2016-06-06,36.214271545410156
2016-06-07,36.26189422607422
2016-06-08,35.93724060058594
2016-06-09,35.96321105957031
2016-06-10,35.50004577636719
2016-06-13,36.02381134033203
2016-06-14,35.846336364746094
2016-06-15,36.13636016845703
2016-06-16,35.980533599853516
2016-06-17,35.76841354370117
2016-06-20,35.538997650146484
2016-06-21,35.72946548461914
2016-06-22,35.96321105957031
2016-06-23,36.51729202270508
2016-06-24,36.279212951660156
2016-06-27,36.45236587524414
2016-06-28,37.65574645996094
2016-06-29,38.20983123779297
2016-06-30,38.179527282714844
2016-07-01,41.06248092651367
2016-07-04,41.625213623046875
2016-07-05,41.322200775146484
2016-07-07,40.980224609375
2016-07-08,40.55168533325195
2016-07-11,41.36115646362305
2016-07-12,41.26593017578125
2016-07-13,41.465049743652344
2016-07-14,41.69446563720703
2016-07-15,41.413108825683594
2016-07-18,40.91962432861328
2016-07-19,42.72904586791992
2016-07-20,44.399940490722656
2016-07-21,45.14016342163086
2016-07-22,45.21806335449219
2016-07-25,46.49072265625
2016-07-26,46.127105712890625
2016-07-27,46.39982604980469
2016-07-28,46.083805084228516
2016-07-29,47.13136672973633
2016-08-01,46.923606872558594
2016-08-02,48.075042724609375
2016-08-03,47.80233383178711
2016-08-04,47.25259017944336
2016-08-05,49.86280822753906
2016-08-08,50.42988967895508
2016-08-09,48.962432861328125
2016-08-10,46.66386795043945
2016-08-11,47.12705612182617
2016-08-12,46.59462356567383
2016-08-16,47.14436721801758
2016-08-17,47.178985595703125
2016-08-18,48.65509033203125
2016-08-19,49.01871109008789
2016-08-22,48.464630126953125
2016-08-23,47.0924186706543
2016-08-24,48.84122848510742
2016-08-25,49.35634231567383
2016-08-26,49.65504837036133
2016-08-29,49.499210357666016
2016-08-30,49.65504837036133
2016-08-31,49.8151969909668
2016-09-01,49.83684539794922
2016-09-02,50.39045333862305
2016-09-06,50.36846923828125
2016-09-07,49.871986389160156
2016-09-08,49.54686737060547
2016-09-09,49.52928924560547
2016-09-12,48.589046478271484
2016-09-14,49.70063781738281
2016-09-15,49.103111267089844
2016-09-16,50.104862213134766
2016-09-19,50.18832778930664
2016-09-20,50.131221771240234
2016-09-21,50.245452880859375
2016-09-22,50.904502868652344
2016-09-23,51.2559928894043
2016-09-26,52.038055419921875
2016-09-27,51.46248245239258
2016-09-28,51.998497009277344
2016-09-29,50.39483642578125
2016-09-30,51.185691833496094
2016-10-03,53.048587799072266
2016-10-04,53.83503723144531
2016-10-05,54.27878952026367
2016-10-06,57.13465118408203
2016-10-07,56.31743240356445
2016-10-10,55.72869110107422
2016-10-13,55.06525802612305
2016-10-14,56.50196838378906
2016-10-17,56.44046401977539
2016-10-18,56.537113189697266
2016-10-19,57.38947296142578
2016-10-20,56.46681213378906
2016-10-21,56.99406051635742
2016-10-24,57.51250076293945
2016-10-25,57.450984954833984
2016-10-26,56.50196838378906
2016-10-27,54.99934005737305
2016-10-28,56.853450775146484
2016-11-01,57.1434211730957
2016-11-02,55.552940368652344
2016-11-03,54.436981201171875
2016-11-04,53.77791976928711
2016-11-07,55.491432189941406
2016-11-08,55.9659423828125
2016-11-09,55.588096618652344
2016-11-10,56.29106521606445
2016-11-11,54.524837493896484
2016-11-15,50.22787094116211
2016-11-16,50.702392578125
2016-11-17,51.572330474853516
2016-11-18,52.84647750854492
2016-11-21,51.29113006591797
2016-11-22,52.10835266113281
2016-11-23,52.442264556884766
2016-11-24,51.66019058227539
2016-11-25,52.10835266113281
2016-11-28,52.74982833862305
2016-11-29,52.494991302490234
2016-11-30,53.90093994140625
2016-12-01,52.34558868408203
2016-12-02,51.83594512939453
2016-12-05,51.13294982910156
2016-12-06,51.95896911621094
2016-12-07,53.356136322021484
2016-12-08,53.89215087890625
2016-12-09,53.180389404296875
2016-12-12,51.932594299316406
2016-12-13,52.89920425415039
2016-12-14,52.57406997680664
2016-12-15,52.336814880371094
2016-12-16,52.08198165893555
2016-12-19,53.6109619140625
2016-12-20,53.1276741027832
2016-12-21,54.2963752746582
2016-12-22,53.83063888549805
2016-12-23,55.052066802978516
2016-12-26,54.12063217163086
2016-12-27,55.76383972167969
2016-12-28,55.57052230834961
2016-12-29,56.75680160522461
2016-12-30,57.12584686279297
2017-01-02,57.54765319824219
2017-01-03,60.6759033203125
2017-01-04,60.271697998046875
2017-01-05,61.9588508605957
2017-01-06,60.86921310424805
2017-01-09,60.245330810546875
2017-01-10,60.93072509765625
2017-01-11,61.352535247802734
2017-01-12,62.345489501953125
2017-01-13,61.76551818847656
2017-01-16,62.01156997680664
2017-01-17,61.704010009765625
2017-01-18,61.264652252197266
2017-01-19,63.22420120239258
2017-01-20,61.92369079589844
2017-01-23,62.87272644042969
2017-01-24,64.46321105957031
2017-01-25,66.83576965332031
2017-01-27,67.49479675292969
2017-01-30,66.39640045166016
2017-01-31,64.39290618896484
2017-02-01,65.98339080810547
2017-02-02,67.23997497558594
2017-02-03,68.07476806640625
2017-02-06,69.68283081054688
2017-02-07,68.84803009033203
2017-02-08,69.551025390625
2017-02-09,70.49716186523438
2017-02-10,69.15074157714844
2017-02-13,69.1234359741211
2017-02-14,68.12271118164062
2017-02-15,67.17654418945312
2017-02-16,68.40472412109375
2017-02-17,70.09688568115234
2017-02-20,70.14236450195312
2017-02-21,71.19768524169922
2017-02-22,70.9702377319336
2017-02-23,70.069580078125
2017-02-27,70.21514892578125
2017-02-28,70.06050109863281
2017-03-01,69.45094299316406
2017-03-02,68.54119873046875
2017-03-03,68.24095916748047
2017-03-06,68.98697662353516
2017-03-07,68.90508270263672
2017-03-08,68.18639373779297
2017-03-09,68.18639373779297
2017-03-10,67.76789855957031
2017-03-14,68.0499038696289
2017-03-15,67.27661895751953
2017-03-16,68.44112396240234
2017-03-17,68.38653564453125
2017-03-20,67.49496459960938
2017-03-21,67.70421600341797
2017-03-22,67.8224868774414
2017-03-23,68.55938720703125
2017-03-24,68.63304138183594
2017-03-27,68.30158233642578
2017-03-28,67.96087646484375
2017-03-29,68.16345977783203
2017-03-30,69.38806915283203
2017-03-31,71.27560424804688
2017-04-03,70.18911743164062
2017-04-05,70.22595977783203
2017-04-06,71.03620910644531
2017-04-07,73.17236328125
2017-04-10,75.73206329345703
2017-04-11,75.40980529785156
2017-04-12,75.36376953125
2017-04-13,77.78533935546875
2017-04-17,78.16284942626953
2017-04-18,79.34142303466797
2017-04-19,80.15167999267578
2017-04-20,78.68769073486328
2017-04-21,78.21809387207031
2017-04-24,77.69328308105469
2017-04-25,80.38186645507812
2017-04-26,79.87545013427734
2017-04-27,81.63410186767578
2017-04-28,81.0356216430664
2017-05-02,81.58806610107422
2017-05-03,81.37628936767578
2017-05-04,80.22534942626953
2017-05-05,79.75576782226562
2017-05-08,78.9086685180664
2017-05-09,81.1645278930664
2017-05-10,81.29341888427734
2017-05-11,79.56240844726562
2017-05-12,80.08722686767578
2017-05-15,81.41313171386719
2017-05-16,82.24179077148438
2017-05-17,81.80904388427734
2017-05-18,81.00799560546875
2017-05-19,80.1793212890625
2017-05-22,78.3285903930664
2017-05-23,78.12601470947266
2017-05-24,79.28618621826172
2017-05-25,80.8330307006836
2017-05-26,78.45750427246094
2017-05-29,77.20526885986328
2017-05-30,77.26051330566406
2017-05-31,79.08361053466797
2017-06-01,76.21085357666016
2017-06-02,76.38580322265625
2017-06-05,77.72089385986328
2017-06-06,78.19048309326172
2017-06-07,78.6968994140625
2017-06-08,77.11320495605469
2017-06-09,77.35258483886719
2017-06-12,78.01554107666016
2017-06-13,77.29734802246094
2017-06-14,77.4722900390625
2017-06-15,74.95863342285156
2017-06-16,74.50746154785156
2017-06-19,74.98623657226562
2017-06-20,75.81492614746094
2017-06-21,75.17961120605469
2017-06-22,72.46338653564453
2017-06-23,70.60346221923828
2017-06-27,71.89251708984375
2017-06-28,71.2940444946289
2017-06-29,71.23877716064453
2017-06-30,70.9349365234375
2017-07-03,71.24798583984375
2017-07-04,70.31803894042969
2017-07-05,71.02701568603516
2017-07-06,70.27198028564453
2017-07-07,70.39167785644531
2017-07-10,70.6126708984375
2017-07-11,71.35848236083984
2017-07-12,72.29764556884766
2017-07-13,70.15227508544922
2017-07-14,68.7066879272461
2017-07-17,68.78956604003906
2017-07-18,68.5317611694336
2017-07-19,69.08421325683594
2017-07-20,68.97373962402344
2017-07-21,70.1430892944336
2017-07-24,69.63667297363281
2017-07-25,69.01976776123047
2017-07-26,68.80799102783203
2017-07-27,67.93325805664062
2017-07-28,67.73070526123047
2017-07-31,67.70309448242188
2017-08-01,68.2002944946289
2017-08-02,68.15425109863281
2017-08-03,71.27560424804688
2017-08-04,77.1500244140625
2017-08-07,79.40589141845703
2017-08-08,76.10034942626953
2017-08-09,76.24769592285156
2017-08-10,75.55711364746094
2017-08-11,75.8333511352539
2017-08-14,77.24210357666016
2017-08-16,77.76692199707031
2017-08-17,78.50353240966797
2017-08-18,78.88192749023438
2017-08-21,76.27006530761719
2017-08-22,78.11590576171875
2017-08-23,78.78964233398438
2017-08-24,79.03882598876953
2017-08-28,81.34612274169922
2017-08-29,80.20170593261719
2017-08-30,83.58881378173828
2017-08-31,83.93030548095703
2017-09-01,82.74897003173828
2017-09-04,79.19571685791016
2017-09-05,79.71255493164062
2017-09-06,79.04804992675781
2017-09-07,79.77716064453125
2017-09-08,79.21418762207031
2017-09-11,79.19571685791016
2017-09-12,80.27552032470703
2017-09-13,76.77767181396484
2017-09-14,77.46986389160156
2017-09-15,76.72229766845703
2017-09-18,76.72229766845703
2017-09-19,77.21143341064453
2017-09-20,76.40850830078125
2017-09-21,76.27931213378906
2017-09-22,75.3840560913086
2017-09-25,73.64897918701172
2017-09-26,73.7689437866211
2017-09-27,73.03062438964844
2017-09-28,73.35363006591797
2017-09-29,73.92586517333984
2017-10-03,75.04258728027344
2017-10-04,75.44866180419922
2017-10-05,75.0794906616211
2017-10-06,76.68538665771484
2017-10-09,76.44542694091797
2017-10-10,75.83629608154297
2017-10-11,77.17451477050781
2017-10-12,76.58386993408203
2017-10-13,76.52848815917969
2017-10-16,76.33467102050781
2017-10-17,76.3992691040039
2017-10-18,75.97473907470703
2017-10-19,75.61479949951172
2017-10-23,74.65496063232422
2017-10-24,75.2548599243164
2017-10-25,77.01762390136719
2017-10-26,80.57088470458984
2017-10-27,76.59310150146484
2017-10-30,76.83304595947266
2017-10-31,76.69461059570312
2017-11-01,76.93458557128906
2017-11-02,76.59310150146484
2017-11-03,76.27931213378906
2017-11-06,75.79936981201172
2017-11-07,73.87047576904297
2017-11-08,73.2798080444336
2017-11-09,72.83679962158203
2017-11-10,72.88294982910156
2017-11-13,73.25212097167969
2017-11-14,71.42474365234375
2017-11-15,71.89543151855469
2017-11-16,72.54146575927734
2017-11-17,72.9383316040039
2017-11-20,72.53224182128906
2017-11-21,73.12291717529297
2017-11-22,73.09521484375
2017-11-23,72.86449432373047
2017-11-24,72.98448181152344
2017-11-27,72.46763610839844
2017-11-28,72.09847259521484
2017-11-29,72.67069244384766
2017-11-30,72.63377380371094
2017-12-01,71.59087371826172
2017-12-04,72.08924865722656
2017-12-05,72.08000946044922
2017-12-06,71.7569808959961
2017-12-07,72.26459503173828
2017-12-08,74.72879028320312
2017-12-11,74.64574432373047
2017-12-12,72.92909240722656
2017-12-13,74.23965454101562
2017-12-14,75.67939758300781
2017-12-15,76.26083374023438
2017-12-18,75.60558319091797
2017-12-19,75.66094207763672
2017-12-20,75.6978530883789
2017-12-21,75.85475158691406
2017-12-22,75.72554016113281
2017-12-26,75.67018127441406
2017-12-27,74.11043548583984
2017-12-28,72.35690307617188
2017-12-29,71.72006225585938
2018-01-01,71.97850036621094
2018-01-02,71.32322692871094
2018-01-03,71.30474853515625
2018-01-04,71.48934936523438
2018-01-05,70.85253143310547
2018-01-08,71.72006225585938
2018-01-09,72.43073272705078
2018-01-10,71.90467071533203
2018-01-11,71.7846908569336
2018-01-12,71.8123550415039
2018-01-15,72.14461517333984
2018-01-16,70.90790557861328
2018-01-17,70.88944244384766
2018-01-18,69.78194427490234
2018-01-19,71.24015808105469
2018-01-22,70.60334777832031
2018-01-23,71.87698364257812
2018-01-24,72.04309844970703
2018-01-25,72.4122543334961
2018-01-29,73.7689437866211
2018-01-30,76.83304595947266
2018-01-31,77.08224487304688
2018-02-01,77.13761138916016
2018-02-02,75.43020629882812
2018-02-05,75.49481964111328
2018-02-06,74.07352447509766
2018-02-07,74.7103271484375
2018-02-08,74.68128204345703
2018-02-09,73.33523559570312
2018-02-12,73.4127197265625
2018-02-14,73.08346557617188
2018-02-15,72.9769287109375
2018-02-16,72.63800048828125
2018-02-19,71.59215545654297
2018-02-20,71.0014419555664
2018-02-21,71.36942291259766
2018-02-22,70.34295654296875
2018-02-23,71.35005950927734
2018-02-26,72.95756530761719
2018-02-27,73.10282135009766
2018-02-28,73.46112060546875
2018-03-01,73.88719940185547
2018-03-05,73.4514389038086
2018-03-06,74.02277374267578
2018-03-07,73.4804916381836
2018-03-08,74.00341796875
2018-03-09,74.66191864013672
2018-03-12,77.59610748291016
2018-03-13,78.99055480957031
2018-03-14,76.51151275634766
2018-03-15,74.3907699584961
2018-03-16,71.5631103515625
2018-03-19,68.90975189208984
2018-03-20,67.34097290039062
2018-03-21,66.79869842529297
2018-03-22,65.88841247558594
2018-03-23,65.40422058105469
2018-03-26,64.76510620117188
2018-03-27,67.72831726074219
2018-03-28,68.40619659423828
2018-04-02,66.02397918701172
2018-04-03,67.4571762084961
2018-04-04,66.29513549804688
2018-04-05,67.22476959228516
2018-04-06,67.49591064453125
2018-04-09,69.64571380615234
2018-04-10,69.45204162597656
2018-04-11,64.82318878173828
2018-04-12,65.17180633544922
2018-04-13,64.04850006103516
2018-04-16,63.91291427612305
2018-04-17,64.76510620117188
2018-04-18,63.8935546875
2018-04-19,61.182090759277344
2018-04-20,62.014896392822266
2018-04-23,62.63465881347656
2018-04-24,63.157588958740234
2018-04-25,62.20855712890625
2018-04-26,62.421627044677734
2018-04-27,63.099483489990234
2018-04-30,62.86708068847656
2018-05-02,62.421627044677734
2018-05-03,62.63465881347656
2018-05-04,62.55719757080078
2018-05-07,63.64178466796875
2018-05-08,64.51331329345703
2018-05-09,64.76510620117188
2018-05-10,65.05561065673828
2018-05-11,65.50106811523438
2018-05-14,65.22991180419922
2018-05-15,64.76510620117188
2018-05-16,64.28091430664062
2018-05-17,63.81608200073242
2018-05-18,63.40936279296875
2018-05-21,63.97102737426758
2018-05-22,62.169837951660156
2018-05-23,59.4583854675293
2018-05-24,60.388038635253906
2018-05-25,63.31253433227539
2018-05-28,66.02397918701172
2018-05-29,66.79869842529297
2018-05-30,66.1595458984375
2018-05-31,67.43780517578125
2018-06-01,66.75994873046875
2018-06-04,67.32161712646484
2018-06-05,67.37971496582031
2018-06-06,67.74769592285156
2018-06-07,67.70894622802734
2018-06-08,67.78643798828125
2018-06-11,67.05046844482422
2018-06-12,67.4571762084961
2018-06-13,67.82516479492188
2018-06-14,66.45006561279297
2018-06-15,64.97813415527344
2018-06-18,67.3603515625
2018-06-19,65.30738067626953
2018-06-20,64.06786346435547
2018-06-21,65.94651794433594
2018-06-22,65.84966278076172
2018-06-25,64.82318878173828
2018-06-26,64.61014556884766
2018-06-27,60.29118347167969
2018-06-28,59.78765106201172
2018-06-29,60.426761627197266
2018-07-02,59.53585433959961
2018-07-03,60.155616760253906
2018-07-04,60.13624572753906
2018-07-05,60.0394172668457
2018-07-06,60.697906494140625
2018-07-09,60.930320739746094
2018-07-10,60.13624572753906
2018-07-11,59.8651008605957
2018-07-12,60.756019592285156
2018-07-13,61.62754440307617
2018-07-16,61.007789611816406
2018-07-17,63.699867248535156
2018-07-18,64.76510620117188
2018-07-19,64.22280883789062
2018-07-20,62.38287353515625
2018-07-23,62.94453430175781
2018-07-24,63.8935546875
2018-07-25,63.17695236206055
2018-07-26,61.51133728027344
2018-07-27,64.06786346435547
2018-07-30,64.47460174560547
2018-07-31,63.6611442565918
2018-08-01,65.0749740600586
2018-08-02,65.34613800048828
2018-08-03,65.28802490234375
2018-08-06,65.13308715820312
2018-08-07,64.55204772949219
2018-08-08,64.26153564453125
2018-08-09,64.06786346435547
2018-08-10,64.43585205078125
2018-08-13,62.227935791015625
2018-08-14,62.24730682373047
2018-08-16,61.39514923095703
2018-08-17,61.80185317993164
2018-08-20,62.23335266113281
2018-08-21,61.860687255859375
2018-08-23,60.1739387512207
2018-08-24,60.50738525390625
2018-08-27,61.233070373535156
2018-08-28,61.017311096191406
2018-08-29,61.38998031616211
2018-08-30,60.50738525390625
2018-08-31,61.017311096191406
2018-09-03,60.801578521728516
2018-09-04,59.80129623413086
2018-09-05,59.938594818115234
2018-09-06,60.252403259277344
2018-09-07,60.1739387512207
2018-09-10,59.25210189819336
2018-09-11,59.11481475830078
2018-09-12,58.48719787597656
2018-09-14,60.89963912963867
2018-09-17,61.40958786010742
2018-09-18,59.8601188659668
2018-09-19,60.232791900634766
2018-09-21,62.037235260009766
2018-09-24,60.781951904296875
2018-09-25,60.468143463134766
2018-09-26,60.58583068847656
2018-09-27,59.87974166870117
2018-09-28,60.15431594848633
2018-10-01,60.38969039916992
2018-10-03,62.13528823852539
2018-10-04,55.035240173339844
2018-10-05,46.30726623535156
2018-10-08,48.97468566894531
2018-10-09,48.111698150634766
2018-10-10,48.641258239746094
2018-10-11,51.387142181396484
2018-10-12,52.52472686767578
2018-10-15,52.97582244873047
2018-10-16,53.132728576660156
2018-10-17,51.89708709716797
2018-10-19,52.23051834106445
2018-10-22,50.89680480957031
2018-10-23,50.994869232177734
2018-10-24,53.95649337768555
2018-10-25,54.956783294677734
2018-10-26,53.9957275390625
2018-10-29,55.48634338378906
2018-10-30,53.466156005859375
2018-10-31,54.30953598022461
2018-11-01,55.64324188232422
2018-11-02,58.15376663208008
2018-11-05,55.035240173339844
2018-11-06,53.87804412841797
2018-11-07,54.505672454833984
2018-11-09,55.564796447753906
2018-11-12,52.97582244873047
2018-11-13,55.46672058105469
2018-11-14,57.03579330444336
2018-11-15,57.5261344909668
2018-11-16,56.23164749145508
2018-11-19,55.91783142089844
2018-11-20,54.54488754272461
2018-11-21,55.545188903808594
2018-11-22,54.23107147216797
2018-11-26,53.721134185791016
2018-11-27,54.30953598022461
2018-11-28,52.58354949951172
2018-11-29,52.897369384765625
2018-11-30,52.79930114746094
2018-12-03,52.093223571777344
2018-12-04,53.211177825927734
2018-12-05,52.68161392211914
2018-12-06,51.2890739440918
2018-12-07,50.89680480957031
2018-12-10,52.70124053955078
2018-12-11,51.759796142578125
2018-12-12,53.387699127197266
2018-12-13,53.89764404296875
2018-12-14,55.40788650512695
2018-12-17,56.05513381958008
2018-12-18,56.78082275390625
2018-12-19,57.251556396484375
2018-12-20,57.99685287475586
2018-12-21,57.441959381103516
2018-12-24,55.51010513305664
2018-12-26,55.3456916809082
2018-12-27,55.037410736083984
2018-12-28,56.80485916137695
2018-12-31,56.33217239379883
2019-01-01,56.5993537902832
2019-01-02,56.41437530517578
2019-01-03,54.523624420166016
2019-01-04,55.057960510253906
2019-01-07,54.85245132446289
2019-01-08,55.07850646972656
2019-01-09,54.25645065307617
2019-01-10,53.393280029296875
2019-01-11,53.927616119384766
2019-01-14,54.379756927490234
2019-01-15,55.30459213256836
2019-01-16,55.81837844848633
2019-01-17,56.57878875732422
2019-01-18,56.66099548339844
2019-01-21,55.75673294067383
2019-01-22,55.880035400390625
2019-01-23,55.94168472290039
2019-01-24,56.22941207885742
2019-01-25,56.61989212036133
2019-01-28,56.74319839477539
2019-01-29,56.45547866821289
2019-01-30,55.30459213256836
2019-01-31,56.249969482421875
2019-02-01,56.393821716308594
2019-02-04,55.85947799682617
2019-02-05,54.97576141357422
2019-02-06,56.66099548339844
2019-02-07,56.74319839477539
2019-02-08,54.996315002441406
2019-02-11,55.838932037353516
2019-02-12,55.38679504394531
2019-02-14,51.235347747802734
2019-02-15,51.564178466796875
2019-02-18,51.358665466308594
2019-02-19,51.625831604003906
2019-02-20,53.14665985107422
2019-02-21,53.88652038574219
2019-02-22,56.393821716308594
2019-02-25,56.969268798828125
2019-02-26,58.469547271728516
2019-02-27,57.91465759277344
2019-02-28,59.43547439575195
2019-03-01,60.85353088378906
2019-03-05,63.15532684326172
2019-03-06,63.66912078857422
2019-03-07,61.73725509643555
2019-03-08,61.1207160949707
2019-03-11,63.17588424682617
2019-03-12,63.34029006958008
2019-03-13,61.14126205444336
2019-03-14,62.10719299316406
2019-03-15,64.67615509033203
2019-03-18,66.91629791259766
2019-03-19,66.87519073486328
2019-03-20,65.35436248779297
2019-03-22,64.55284881591797
2019-03-25,67.55339050292969
2019-03-26,66.50524139404297
2019-03-27,66.98236083984375
2019-03-28,66.92012786865234
2019-04-01,65.8414535522461
2019-04-02,65.61326599121094
2019-04-03,63.663330078125
2019-04-04,64.38937377929688
2019-04-05,65.73771667480469
2019-04-08,63.082489013671875
2019-04-09,64.47234344482422
2019-04-10,64.97019958496094
2019-04-11,65.5302963256836
2019-04-12,64.45161437988281
2019-04-15,63.891510009765625
2019-04-16,64.59680938720703
2019-04-18,64.76274871826172
2019-04-22,62.12827682495117
2019-04-23,61.983062744140625
2019-04-24,63.808536529541016
2019-04-25,63.35216522216797
2019-04-26,63.414405822753906
2019-04-30,65.57179260253906
2019-05-02,65.59252166748047
2019-05-03,64.78350067138672
2019-05-06,65.01168823242188
2019-05-07,63.663330078125
2019-05-08,63.14472579956055
2019-05-09,62.48092269897461
2019-05-10,61.23629379272461
2019-05-13,59.16187286376953
2019-05-14,59.576751708984375
2019-05-15,60.468753814697266
2019-05-16,62.709102630615234
2019-05-17,62.066036224365234
2019-05-20,65.40582275390625
2019-05-21,63.68406677246094
2019-05-22,64.49308013916016
2019-05-23,63.97449493408203
2019-05-24,65.05316925048828
2019-05-27,67.29353332519531
2019-05-28,67.8121337890625
2019-05-29,66.52599334716797
2019-05-30,67.18981170654297
2019-05-31,68.68338012695312
2019-06-03,70.40512084960938
2019-06-04,68.60038757324219
2019-06-06,67.85360717773438
2019-06-07,67.95733642578125
2019-06-10,66.65046691894531
2019-06-11,67.4179916381836
2019-06-12,67.4387435913086
2019-06-13,66.67121124267578
2019-06-14,66.29780578613281
2019-06-17,64.43084716796875
2019-06-18,65.40582275390625
2019-06-19,64.0574722290039
2019-06-20,65.03242492675781
2019-06-21,63.829288482666016
2019-06-24,63.082489013671875
2019-06-25,64.14044189453125
2019-06-26,64.28565216064453
2019-06-27,64.97019958496094
2019-06-28,64.6797866821289
2019-07-01,62.91654968261719
2019-07-02,64.18192291259766
2019-07-03,64.78350067138672
2019-07-04,64.94944763183594
2019-07-05,63.14472579956055
2019-07-08,59.76344680786133
2019-07-09,62.812835693359375
2019-07-10,61.46446990966797
2019-07-11,61.360748291015625
2019-07-12,60.92512130737305
2019-07-15,60.32353973388672
2019-07-16,61.008094787597656
2019-07-17,60.92512130737305
2019-07-18,61.23629379272461
2019-07-19,60.779911041259766
2019-07-22,61.38148498535156
2019-07-23,61.132568359375
2019-07-24,61.38148498535156
2019-07-25,60.84214782714844
2019-07-26,58.829986572265625
2019-07-29,57.357154846191406
2019-07-30,55.386470794677734
2019-07-31,57.79277420043945
2019-08-01,56.817806243896484
2019-08-02,56.11251449584961
2019-08-05,54.86786651611328
2019-08-06,54.930091857910156
2019-08-07,53.5195198059082
2019-08-08,54.28704071044922
2019-08-09,54.141841888427734
2019-08-13,52.233375549316406
2019-08-14,52.46156692504883
2019-08-16,52.37858200073242
2019-08-19,52.19190979003906
2019-08-20,51.52808380126953
2019-08-21,50.62885284423828
2019-08-22,49.26954650878906
2019-08-23,51.36079025268555
2019-08-26,52.49006271362305
2019-08-27,52.59462356567383
2019-08-28,51.402618408203125
2019-08-29,51.7162971496582
2019-08-30,51.21440505981445
2019-09-03,49.03950500488281
2019-09-04,50.33607864379883
2019-09-05,52.155452728271484
2019-09-06,53.09651184082031
2019-09-09,52.97103500366211
2019-09-11,52.72010040283203
2019-09-12,52.02998733520508
2019-09-13,54.41398620605469
2019-09-16,53.76570510864258
2019-09-17,52.364593505859375
2019-09-18,53.59842300415039
2019-09-19,52.78282928466797
2019-09-20,55.4387092590332
2019-09-23,59.66300582885742
2019-09-24,58.01093292236328
2019-09-25,58.8474235534668
2019-09-26,60.457672119140625
2019-09-27,60.87592315673828
2019-09-30,61.64967727661133
2019-10-01,62.13065719604492
2019-10-03,63.46904373168945
2019-10-04,63.17628860473633
2019-10-07,62.19340133666992
2019-10-09,61.98427963256836
2019-10-10,61.98427963256836
2019-10-11,59.9766960144043
2019-10-14,60.541324615478516
2019-10-15,61.25233459472656
2019-10-16,60.87592315673828
2019-10-17,61.231422424316406
2019-10-18,60.89683151245117
2019-10-22,61.25233459472656
2019-10-23,60.436767578125
2019-10-24,59.09836959838867
2019-10-25,59.43294906616211
2019-10-27,59.68391418457031
2019-10-29,60.374019622802734
2019-10-30,61.54511260986328
2019-10-31,61.398738861083984
2019-11-01,59.66300582885742
2019-11-04,58.01093292236328
2019-11-05,57.29991149902344
2019-11-06,56.714359283447266
2019-11-07,56.818912506103516
2019-11-08,56.066078186035156
2019-11-11,56.714359283447266
2019-11-13,55.982421875
2019-11-14,57.23716735839844
2019-11-15,55.08319854736328
2019-11-18,55.4387092590332
2019-11-19,55.626914978027344
2019-11-20,54.74858856201172
2019-11-21,53.9120979309082
2019-11-22,54.28852462768555
2019-11-25,54.72768020629883
2019-11-26,54.07939529418945
2019-11-27,54.83224868774414
2019-11-28,55.4387092590332
2019-11-29,54.957725524902344
2019-12-02,53.80753707885742
2019-12-03,53.74480056762695
2019-12-04,53.05467987060547
2019-12-05,52.67827224731445
2019-12-06,52.02998733520508
2019-12-09,52.49006271362305
2019-12-10,51.2562255859375
2019-12-11,52.51097869873047
2019-12-12,53.57749938964844
2019-12-13,53.64024353027344
2019-12-16,52.76191329956055
2019-12-17,52.552791595458984
2019-12-18,52.72010040283203
2019-12-19,53.284732818603516
2019-12-20,53.284732818603516
2019-12-23,52.88739013671875
2019-12-24,53.284732818603516
2019-12-26,52.32275390625
2019-12-27,53.24291229248047
2019-12-30,52.95012664794922
2019-12-31,52.51097869873047
2020-01-01,52.67827224731445
2020-01-02,53.117431640625
2020-01-03,53.05467987060547
2020-01-06,52.23911666870117
2020-01-07,52.09272384643555
2020-01-08,50.96344757080078
2020-01-09,52.071815490722656
2020-01-10,52.46914291381836
2020-01-13,53.09651184082031
2020-01-14,53.07560729980469
2020-01-15,52.57371139526367
2020-01-16,51.92542266845703
2020-01-17,51.29804992675781
2020-01-20,49.144081115722656
2020-01-21,48.01481246948242
2020-01-22,47.53383255004883
2020-01-23,49.49959182739258
2020-01-24,50.04330062866211
2020-01-27,49.12317657470703
2020-01-28,49.311378479003906
2020-01-29,49.478675842285156
2020-01-30,48.99768829345703
2020-01-31,47.45017623901367
2020-02-03,45.1916389465332
2020-02-04,47.596553802490234
2020-02-05,47.97297668457031
2020-02-06,48.955867767333984
2020-02-07,49.144081115722656
2020-02-10,48.43305587768555
2020-02-11,48.53761291503906
2020-02-12,48.14027786254883
2020-02-13,47.993892669677734
2020-02-14,48.14027786254883
2020-02-17,46.760066986083984
2020-02-18,47.115577697753906
2020-02-19,47.763858795166016
2020-02-20,46.96918869018555
2020-02-24,46.23725128173828
2020-02-25,46.19542694091797
2020-02-26,45.317108154296875
2020-02-27,44.187835693359375
2020-02-28,44.22966766357422
2020-03-02,43.47682571411133
2020-03-03,44.6060905456543
2020-03-04,44.58517837524414
2020-03-05,43.832332611083984
2020-03-06,42.15934371948242
2020-03-09,41.57379150390625
2020-03-11,40.52818298339844
2020-03-12,36.763954162597656
2020-03-13,38.58333206176758
2020-03-16,37.51679992675781
2020-03-17,37.391326904296875
2020-03-18,36.63847732543945
2020-03-19,36.78487014770508
2020-03-20,37.893226623535156
2020-03-23,35.435752868652344
2020-03-24,34.974979400634766
2020-03-25,34.163143157958984
2020-03-26,34.228965759277344
2020-03-27,33.74625015258789
2020-03-30,33.702369689941406
2020-03-31,35.83070373535156
2020-04-01,34.645851135253906
2020-04-03,34.88721466064453
2020-04-07,36.423133850097656
2020-04-08,35.87459182739258
2020-04-09,36.59866714477539
2020-04-13,36.488956451416016
2020-04-15,36.51089859008789
2020-04-16,37.169151306152344
2020-04-17,37.739627838134766
2020-04-20,38.419822692871094
2020-04-21,36.423133850097656
2020-04-22,36.423133850097656
2020-04-23,36.467018127441406
2020-04-24,35.7648811340332
2020-04-27,35.7648811340332
2020-04-28,34.953041076660156
2020-04-29,35.326045989990234
2020-04-30,36.949729919433594
2020-05-04,34.996925354003906
2020-05-05,34.53614807128906
2020-05-06,33.5926628112793
2020-05-07,33.24159240722656
2020-05-08,32.62722396850586
2020-05-11,33.066062927246094
2020-05-12,32.86858367919922
2020-05-13,33.35129928588867
2020-05-14,32.97829055786133
2020-05-15,33.13188171386719
2020-05-18,31.39849090576172
2020-05-19,31.617908477783203
2020-05-20,32.51752471923828
2020-05-21,32.671104431152344
2020-05-22,33.13188171386719
2020-05-26,33.85595703125
2020-05-27,34.031497955322266
2020-05-28,34.097320556640625
2020-05-29,36.51089859008789
2020-06-01,37.80545425415039
2020-06-02,37.65186309814453
2020-06-03,38.178466796875
2020-06-04,37.69573974609375
2020-06-05,39.231658935546875
2020-06-08,40.855342864990234
2020-06-09,39.78020477294922
2020-06-10,39.473026275634766
2020-06-11,38.77088928222656
2020-06-12,38.74894332885742
2020-06-15,37.827396392822266
2020-06-16,37.2349739074707
2020-06-17,37.01555633544922
2020-06-18,37.2349739074707
2020-06-19,37.43244171142578
2020-06-22,38.63923645019531
2020-06-23,39.209716796875
2020-06-24,38.22234344482422
2020-06-25,37.3227424621582
2020-06-26,39.1219596862793
2020-06-29,38.22234344482422
2020-06-30,37.45438766479492
2020-07-01,37.586036682128906
2020-07-02,38.77088928222656
2020-07-03,38.55146789550781
2020-07-06,38.59535217285156
2020-07-07,37.80545425415039
2020-07-08,38.156517028808594
2020-07-09,37.959041595458984
2020-07-10,37.80545425415039
2020-07-13,38.3539924621582
2020-07-14,37.91515350341797
2020-07-15,37.586036682128906
2020-07-16,36.97167205810547
2020-07-17,38.13458251953125
2020-07-20,38.74894332885742
2020-07-21,41.00893783569336
2020-07-22,40.37262725830078
2020-07-23,41.3819465637207
2020-07-24,40.723697662353516
2020-07-27,41.140586853027344
2020-07-28,40.98699951171875
2020-07-29,40.63592529296875
2020-07-30,38.85866165161133
2020-07-31,38.81477737426758
2020-08-03,37.827396392822266
2020-08-04,38.156517028808594
2020-08-05,38.002933502197266
2020-08-06,38.26622772216797
2020-08-07,37.91515350341797
2020-08-10,38.22234344482422
2020-08-11,38.20040512084961
2020-08-12,37.67380142211914
2020-08-13,38.112640380859375
2020-08-14,37.21303176879883
2020-08-17,38.419822692871094
2020-08-18,38.178466796875
2020-08-19,38.61729431152344
2020-08-20,39.078067779541016
2020-08-21,38.99030685424805
2020-08-24,38.77088928222656
2020-08-25,38.74894332885742
2020-08-26,38.573421478271484
2020-08-27,38.26622772216797
2020-08-28,38.5295295715332
2020-08-31,37.65186309814453
2020-09-01,37.14720916748047
2020-09-02,37.43244171142578
2020-09-03,37.34468078613281
2020-09-04,36.81808853149414
2020-09-07,36.774200439453125
2020-09-08,36.313419342041016
2020-09-09,35.347991943359375
2020-09-10,36.664485931396484
2020-09-11,36.467018127441406
2020-09-14,36.29147720336914
2020-09-15,36.0940055847168
2020-09-16,36.29147720336914
2020-09-17,35.89653778076172
2020-09-18,35.413814544677734
2020-09-21,34.097320556640625
2020-09-22,33.4171257019043
2020-09-23,33.3293571472168
2020-09-24,31.595972061157227
2020-09-25,32.51752471923828
2020-09-28,33.19771194458008
2020-09-29,32.84664535522461
2020-09-30,32.42974853515625
2020-10-01,32.51752471923828
2020-10-05,33.15382385253906
2020-10-06,33.066062927246094
2020-10-07,33.00023651123047
2020-10-08,33.13188171386719
2020-10-09,33.570716857910156
2020-10-12,33.21965408325195
2020-10-13,33.39518356323242
2020-10-14,32.75887680053711
2020-10-15,32.71499252319336
2020-10-16,32.5614013671875
2020-10-19,33.702369689941406
2020-10-20,32.934410095214844
2020-10-21,33.35129928588867
2020-10-22,34.097320556640625
2020-10-23,34.33867645263672
2020-10-26,34.27286148071289
2020-10-27,34.27286148071289
2020-10-28,34.25090789794922
2020-10-29,34.40449905395508
2020-10-30,34.90915298461914
2020-11-02,34.316734313964844
2020-11-03,34.228965759277344
2020-11-04,34.207027435302734
2020-11-05,35.01887130737305
2020-11-06,35.21634292602539
2020-11-09,35.63323211669922
2020-11-10,36.97167205810547
2020-11-11,37.30079650878906
2020-11-12,37.43244171142578
2020-11-13,37.19108963012695
2020-11-14,38.02486801147461
2020-11-17,37.27885437011719
2020-11-18,37.41050338745117
2020-11-19,37.169151306152344
2020-11-20,37.2349739074707
2020-11-23,37.93710708618164
2020-11-24,37.80545425415039
2020-11-25,37.629920959472656
2020-11-26,37.564090728759766
2020-11-27,37.12526321411133
2020-12-01,37.67380142211914
2020-12-02,38.79282760620117
2020-12-03,39.451080322265625
2020-12-04,39.67049026489258
2020-12-07,40.24097442626953
2020-12-08,39.95573806762695
2020-12-09,41.228355407714844
2020-12-10,40.570106506347656
2020-12-11,41.18446731567383
2020-12-14,42.215721130371094
2020-12-15,41.88660430908203
2020-12-16,42.28154373168945
2020-12-17,41.86465835571289
2020-12-18,41.228355407714844
2020-12-21,38.22234344482422
2020-12-22,38.59535217285156
2020-12-23,38.68312072753906
2020-12-24,39.604671478271484
2020-12-28,40.24097442626953
2020-12-29,40.02155685424805
2020-12-30,39.88990783691406
2020-12-31,39.91184997558594
2021-01-01,40.1532096862793
2021-01-04,41.18446731567383
2021-01-05,40.811458587646484
2021-01-06,41.2941780090332
2021-01-07,41.46970748901367
2021-01-08,42.19378662109375
2021-01-11,42.127960205078125
2021-01-12,42.98368835449219
2021-01-13,44.30018615722656
2021-01-14,45.287559509277344
2021-01-15,44.453773498535156
2021-01-18,43.137271881103516
2021-01-19,43.24698257446289
2021-01-20,43.137271881103516
2021-01-21,42.43514633178711
2021-01-22,41.99630355834961
2021-01-25,41.00893783569336
2021-01-27,40.10932540893555
2021-01-28,40.63592529296875
2021-01-29,40.92116928100586
2021-02-01,42.040191650390625
2021-02-02,43.356693267822266
2021-02-03,44.69512939453125
2021-02-04,45.46308898925781
2021-02-05,44.93648147583008
2021-02-08,45.6825065612793
2021-02-09,46.202701568603516
2021-02-10,45.75344467163086
2021-02-11,45.635215759277344
2021-02-12,44.973148345947266
2021-02-15,44.523895263671875
2021-02-16,45.20960235595703
2021-02-17,44.92585754394531
2021-02-18,46.817474365234375
2021-02-19,46.13175964355469
2021-02-22,45.233245849609375
2021-02-23,46.179054260253906
2021-02-24,46.32093048095703
2021-02-25,47.71599578857422
2021-02-26,46.36821746826172
2021-03-01,47.621402740478516
2021-03-02,48.33076477050781
2021-03-03,48.51993179321289
2021-03-04,47.97609329223633
2021-03-05,47.97609329223633
2021-03-08,48.99283218383789
2021-03-09,47.550472259521484
2021-03-10,46.746543884277344
2021-03-12,47.9051513671875
2021-03-15,47.786930084228516
2021-03-16,47.47954177856445
2021-03-17,46.43914794921875
2021-03-18,45.989898681640625
2021-03-19,46.69925308227539
2021-03-22,46.88841247558594
2021-03-23,47.181007385253906
2021-03-24,46.108154296875
2021-03-25,44.328189849853516
2021-03-26,44.328189849853516
2021-03-30,44.64517593383789
2021-03-31,44.791481018066406
2021-04-01,45.425437927246094
2021-04-05,44.25505447387695
2021-04-06,44.450111389160156
2021-04-07,45.20598602294922
2021-04-08,45.327903747558594
2021-04-09,44.71832275390625
2021-04-12,42.426334381103516
2021-04-13,43.304115295410156
2021-04-15,43.93806457519531
2021-04-16,43.96245193481445
2021-04-19,42.9627571105957
2021-04-20,42.81645584106445
2021-04-22,42.84083557128906
2021-04-23,42.93836975097656
2021-04-26,43.01152420043945
2021-04-27,43.32849884033203
2021-04-28,43.59670639038086
2021-04-29,43.35287857055664
2021-04-30,44.303810119628906
2021-05-03,44.59640884399414
2021-05-04,44.57202911376953
2021-05-05,44.962158203125
2021-05-06,45.15721893310547
2021-05-07,46.181304931640625
2021-05-10,48.35138702392578
2021-05-11,50.570228576660156
2021-05-12,50.13134002685547
2021-05-14,49.2779426574707
2021-05-17,49.74121856689453
2021-05-18,51.47240447998047
2021-05-19,52.27703857421875
2021-05-20,51.057899475097656
2021-05-21,50.862823486328125
2021-05-24,53.37427520751953
2021-05-25,53.78878402709961
2021-05-26,54.617801666259766
2021-05-27,53.764400482177734
2021-05-28,53.5693359375
2021-05-31,53.27674102783203
2021-06-01,53.59372329711914
2021-06-02,54.0569953918457
2021-06-03,54.837257385253906
2021-06-04,55.885711669921875
2021-06-07,55.93448257446289
2021-06-08,56.90980529785156
2021-06-09,56.056400299072266
2021-06-10,56.5440673828125
2021-06-11,56.129547119140625
2021-06-14,55.9588623046875
2021-06-15,56.44652557373047
2021-06-16,56.519676208496094
2021-06-17,55.885711669921875
2021-06-18,54.764102935791016
2021-06-21,54.934783935546875
2021-06-22,55.51997756958008
2021-06-23,55.05669021606445
2021-06-24,54.34959030151367
2021-06-25,54.3252067565918
2021-06-28,54.0569953918457
2021-06-29,52.74030685424805
2021-06-30,52.61840057373047
2021-07-01,52.44771957397461
2021-07-02,52.88661575317383
2021-07-05,53.05730056762695
2021-07-06,52.86222839355469
2021-07-07,52.64278030395508
2021-07-08,52.44771957397461
2021-07-09,52.3258056640625
2021-07-12,52.27703857421875
2021-07-13,52.569637298583984
2021-07-14,52.2282829284668
2021-07-15,51.83815383911133
2021-07-16,51.74060821533203
2021-07-19,51.66746139526367
2021-07-20,51.496788024902344
2021-07-22,52.033206939697266
2021-07-23,51.69185256958008
2021-07-26,51.033512115478516
2021-07-27,50.6921501159668
2021-07-28,50.71653366088867
2021-07-29,50.667762756347656
2021-07-30,50.30201721191406
2021-08-02,51.44802474975586
2021-08-03,51.764984130859375
2021-08-04,51.35049057006836
2021-08-05,51.4246940612793
2021-08-06,52.389366149902344
2021-08-09,51.64731216430664
2021-08-10,50.58369827270508
2021-08-11,51.77098846435547
2021-08-12,51.498905181884766
2021-08-13,51.77098846435547
2021-08-16,53.03248977661133
2021-08-17,52.29043197631836
2021-08-18,52.53779220581055
2021-08-20,51.202083587646484
2021-08-23,50.9547233581543
2021-08-24,52.389366149902344
2021-08-25,52.48830795288086
2021-08-26,52.240962982177734
2021-08-27,52.41410446166992
2021-08-30,53.106689453125
2021-08-31,54.838165283203125
2021-09-01,54.788700103759766
2021-09-02,54.491878509521484
2021-09-03,55.95125961303711
2021-09-06,55.20919418334961
2021-09-07,55.3328742980957
2021-09-08,55.70390701293945
2021-09-09,55.8028450012207
2021-09-13,56.396484375
2021-09-14,57.01488494873047
2021-09-15,57.58378219604492
2021-09-16,58.54846954345703
2021-09-17,58.49899673461914
2021-09-20,56.69330978393555
2021-09-21,56.89120101928711
2021-09-22,57.60851287841797
2021-09-23,58.37531661987305
2021-09-24,58.004295349121094
2021-09-27,58.69688034057617
2021-09-28,60.82411575317383
2021-09-29,63.0502815246582
2021-09-30,61.986671447753906
2021-10-01,63.025550842285156
2021-10-04,62.45664596557617
2021-10-05,64.26231384277344
2021-10-06,64.36125183105469
2021-10-07,65.42488098144531
2021-10-08,65.2022705078125
2021-10-11,65.07858276367188
2021-10-12,64.93016815185547
2021-10-13,64.93016815185547
2021-10-14,66.4885025024414
2021-10-18,67.45317077636719
2021-10-19,66.1916732788086
2021-10-20,64.58387756347656
2021-10-21,65.1280517578125
2021-10-22,64.6580810546875
2021-10-25,64.53440856933594
2021-10-26,65.05384826660156
2021-10-27,64.70755004882812
2021-10-28,63.6439323425293
2021-10-29,63.29764175415039
2021-11-01,65.1280517578125
2021-11-02,64.70755004882812
2021-11-03,65.57329559326172
2021-11-04,66.6121826171875
2021-11-08,69.48147583007812
2021-11-09,69.11043548583984
2021-11-10,68.98677062988281
2021-11-11,68.39669799804688
2021-11-12,68.21709442138672
2021-11-15,68.16578674316406
2021-11-16,67.216552734375
2021-11-17,65.90813446044922
2021-11-18,66.36991882324219
2021-11-22,63.88137435913086
2021-11-23,64.72799682617188
2021-11-24,65.47200012207031
2021-11-25,64.47145080566406
2021-11-26,62.05986785888672
2021-11-29,60.95668029785156
2021-11-30,61.033653259277344
2021-12-01,60.392276763916016
2021-12-02,61.90593719482422
2021-12-03,62.70124435424805
2021-12-06,62.05986785888672
2021-12-07,61.88028335571289
2021-12-08,61.777652740478516
2021-12-09,61.41848373413086
2021-12-10,61.59806823730469
2021-12-13,60.700130462646484
2021-12-14,60.494895935058594
2021-12-15,59.366065979003906
2021-12-16,59.391727447509766
2021-12-17,57.90372848510742
2021-12-20,55.800010681152344
2021-12-21,56.18483352661133
2021-12-22,55.953922271728516
2021-12-23,57.544551849365234
2021-12-24,56.56966018676758
2021-12-27,56.826210021972656
2021-12-28,57.621517181396484
2021-12-29,57.21103286743164
2021-12-30,56.72357940673828
2021-12-31,57.21103286743164
2022-01-03,57.95502853393555
2022-01-04,58.51944351196289
2022-01-05,60.16138458251953
2022-01-06,60.16138458251953
2022-01-07,60.802757263183594
2022-01-10,61.41848373413086
2022-01-11,60.85406494140625
2022-01-12,61.13628005981445
2022-01-13,62.1624870300293
2022-01-14,63.26566696166992
2022-01-17,63.49654769897461
2022-01-18,63.59916687011719
2022-01-19,64.18923950195312
2022-01-20,64.39448547363281
2022-01-21,62.4446907043457
2022-01-24,61.75199890136719
2022-01-25,62.31642532348633
2022-01-27,62.957794189453125
2022-01-28,63.67613220214844
2022-01-31,64.24055480957031
2022-02-01,62.470340728759766
2022-02-02,63.8557243347168
2022-02-03,63.958343505859375
2022-02-04,63.7017936706543
2022-02-07,63.060420989990234
2022-02-08,62.265113830566406
2022-02-09,64.2282943725586
2022-02-10,63.6446418762207
2022-02-11,64.75889587402344
2022-02-14,61.84062957763672
2022-02-15,63.007930755615234
2022-02-16,64.4670639038086
2022-02-17,64.41400909423828
2022-02-18,64.28136444091797
2022-02-21,63.2466926574707
2022-02-22,62.1324577331543
2022-02-23,62.15898895263672
2022-02-24,58.36525344848633
2022-02-25,59.612144470214844
2022-02-28,61.01821517944336
2022-03-02,59.55908203125
2022-03-03,60.83250427246094
2022-03-04,60.08967208862305
2022-03-07,59.55908203125
2022-03-08,62.105934143066406
2022-03-09,62.05286407470703
2022-03-10,64.17523956298828
2022-03-11,65.63436889648438
2022-03-14,64.09564208984375
2022-03-15,63.14057922363281
2022-03-16,64.70582580566406
2022-03-17,64.38748168945312
2022-03-21,62.609989166259766
2022-03-22,64.01606750488281
2022-03-23,64.57317352294922
2022-03-24,63.989540100097656
2022-03-25,63.03445816040039
2022-03-28,63.6446418762207
2022-03-29,62.769168853759766
2022-03-30,62.18551254272461
2022-03-31,63.11404800415039
2022-04-01,64.78541564941406
2022-04-04,64.89154052734375
2022-04-05,65.0772476196289
2022-04-06,66.88127136230469
2022-04-07,65.55477905273438
2022-04-08,67.3587875366211
2022-04-11,68.3669204711914
2022-04-12,66.88127136230469
2022-04-13,67.86286926269531
2022-04-18,67.96897888183594
2022-04-19,69.13628387451172
2022-04-20,70.7811279296875
2022-04-21,71.65660858154297
2022-04-22,71.28518676757812
2022-04-25,67.78327178955078
2022-04-26,68.47305297851562
2022-04-27,67.57103729248047
2022-04-28,68.95057678222656
2022-04-29,66.854736328125
2022-05-02,67.19962310791016
2022-05-04,66.775146484375
2022-05-05,66.695556640625
2022-05-06,66.98737335205078
2022-05-09,65.79354095458984
2022-05-10,64.73236083984375
2022-05-11,63.90994644165039
2022-05-12,64.78541564941406
2022-05-13,64.36094665527344
2022-05-16,64.78541564941406
2022-05-17,66.00579071044922
2022-05-18,62.636512756347656
2022-05-19,62.21204376220703
2022-05-20,62.05286407470703
2022-05-23,62.450809478759766
2022-05-24,62.98139572143555
2022-05-25,60.91209030151367
2022-05-26,60.59373092651367
2022-05-27,60.56720733642578
2022-05-30,61.60185623168945
2022-05-31,61.54880905151367
2022-06-01,62.71610641479492
2022-06-02,62.424285888671875
2022-06-03,62.769168853759766
2022-06-06,62.3712158203125
2022-06-07,62.71610641479492
2022-06-08,62.609989166259766
2022-06-09,62.769168853759766
2022-06-10,62.21204376220703
2022-06-13,60.27537536621094
2022-06-14,58.497886657714844
2022-06-15,57.94076919555664
2022-06-16,57.38364028930664
2022-06-17,55.28779983520508
2022-06-20,54.67761993408203
2022-06-21,56.11022186279297
2022-06-22,56.00410461425781
2022-06-23,56.93264389038086
2022-06-24,57.56935501098633
2022-06-27,58.126468658447266
2022-06-28,57.46323776245117
2022-06-29,58.25912094116211
2022-06-30,59.09482192993164
2022-07-01,59.33357620239258
2022-07-04,59.17440414428711
2022-07-05,58.57747268676758
2022-07-06,57.78158950805664
2022-07-07,57.86117935180664
2022-07-08,57.86117935180664
2022-07-11,57.74180221557617
2022-07-12,56.229610443115234
2022-07-13,56.030635833740234
2022-07-14,56.30919647216797
2022-07-15,55.990840911865234
2022-07-18,56.62755584716797
2022-07-19,57.3040657043457
2022-07-20,57.58261489868164
2022-07-21,57.74180221557617
2022-07-22,57.42344284057617
2022-07-25,57.38364028930664
2022-07-26,57.02549743652344
2022-07-27,57.38364028930664
2022-07-28,57.3438606262207
2022-07-29,58.060150146484375
2022-08-01,56.587745666503906
2022-08-02,57.26426315307617
2022-08-03,56.50817108154297
2022-08-04,56.667335510253906
2022-08-05,58.17953872680664
2022-08-08,58.378517150878906
2022-08-10,57.70200729370117
2022-08-11,58.401668548583984
2022-08-12,58.89555358886719
2022-08-16,60.21257781982422
2022-08-17,60.37721252441406
2022-08-18,59.80101013183594
2022-08-19,59.38943862915039
2022-08-22,58.68976593017578
2022-08-23,58.48399353027344
2022-08-24,58.072418212890625
2022-08-25,58.813232421875
2022-08-26,59.18365478515625
2022-08-29,58.48399353027344
2022-08-30,58.854400634765625
2022-09-01,58.56629943847656
2022-09-02,58.68976593017578
2022-09-05,58.401668548583984
2022-09-06,58.19588851928711
2022-09-07,58.772090911865234
2022-09-08,60.13026809692383
2022-09-09,59.71869659423828
2022-09-12,59.80101013183594
2022-09-13,59.47174835205078
2022-09-14,59.101341247558594
2022-09-15,58.89555358886719
2022-09-16,57.578529357910156
2022-09-19,57.33159637451172
2022-09-20,56.87886047363281
2022-09-21,56.34381866455078
2022-09-22,55.80878829956055
2022-09-23,55.52067947387695
2022-09-26,54.3682975769043
2022-09-27,54.944496154785156
2022-09-28,54.12135314941406
2022-09-29,54.24482345581055
2022-09-30,55.10911178588867
2022-10-03,54.90332794189453
2022-10-04,55.397216796875
2022-10-06,55.76763153076172
2022-10-07,55.52067947387695
2022-10-10,55.60300064086914
2022-10-11,54.28597640991211
2022-10-12,55.35606384277344
2022-10-13,55.02679443359375
2022-10-14,54.57408142089844
2022-10-17,54.3682975769043
2022-10-18,54.90332794189453
2022-10-19,55.1502799987793
2022-10-20,55.84994125366211
2022-10-21,55.56184768676758
2022-10-24,56.01457214355469
2022-10-25,55.8911018371582
2022-10-27,56.22036361694336
2022-10-28,56.34381866455078
2022-10-31,56.17919921875
2022-11-01,56.384986877441406
2022-11-02,56.4672966003418
2022-11-03,56.54960632324219
2022-11-04,56.384986877441406
2022-11-07,57.70199966430664
2022-11-09,57.2492790222168
2022-11-10,57.29042434692383
2022-11-11,57.413909912109375
2022-11-14,57.16695785522461
2022-11-15,57.29042434692383
2022-11-16,57.043495178222656
2022-11-17,56.87886047363281
2022-11-18,57.0023307800293
2022-11-21,57.66085433959961
2022-11-22,57.61969757080078
2022-11-23,57.53738784790039
2022-11-24,59.307132720947266
2022-11-25,60.37721252441406
2022-11-28,62.72315216064453
2022-11-29,61.982322692871094
2022-11-30,63.09355926513672
2022-12-01,62.72315216064453
2022-12-02,63.38166046142578
2022-12-05,63.422821044921875
2022-12-06,62.393890380859375
2022-12-07,63.134708404541016
2022-12-08,63.175872802734375
2022-12-09,63.38166046142578
2022-12-12,64.94562530517578
2022-12-13,63.9990119934082
2022-12-14,64.3282699584961
2022-12-15,64.28711700439453
2022-12-16,63.34049606323242
2022-12-19,64.16362762451172
2022-12-20,64.04016876220703
2022-12-21,62.88778305053711
2022-12-22,61.817691802978516
2022-12-23,60.089111328125
2022-12-26,61.24150466918945
2022-12-27,61.817691802978516
2022-12-28,61.57075119018555
2022-12-29,61.52959442138672
2022-12-30,62.9700927734375
2023-01-02,64.20480346679688
2023-01-03,64.61637115478516
2023-01-04,64.28711700439453
2023-01-05,65.1102523803711
2023-01-06,65.8922348022461
2023-01-09,65.93339538574219
2023-01-10,66.34495544433594
2023-01-11,68.77322387695312
2023-01-12,67.16810607910156
2023-01-13,67.74430084228516
2023-01-16,67.70314025878906
2023-01-17,67.16810607910156
2023-01-18,67.62081909179688
2023-01-19,68.52627563476562
2023-01-20,68.23817443847656
2023-01-23,68.69090270996094
2023-01-24,68.44396209716797
2023-01-25,67.90892028808594
2023-01-27,66.6742172241211
2023-01-30,67.29156494140625
2023-01-31,67.29156494140625
2023-02-01,65.68643951416016
2023-02-02,64.65752410888672
2023-02-03,64.57520294189453
2023-02-06,65.23372650146484
2023-02-07,65.06909942626953
2023-02-08,65.23372650146484
2023-02-09,65.52182006835938
2023-02-10,65.68643951416016
2023-02-13,65.43950653076172
2023-02-14,65.15140533447266
2023-02-15,65.43950653076172
2023-02-16,65.68643951416016
2023-02-17,66.30380249023438
2023-02-20,65.48066711425781
2023-02-21,65.19255828857422
2023-02-22,63.62859344482422
2023-02-23,63.54627990722656
2023-02-24,63.66975784301758
2023-02-27,63.25819778442383
2023-02-28,62.59968185424805
2023-03-01,63.34049606323242
2023-03-02,64.12248992919922
2023-03-03,64.36942291259766
2023-03-06,65.23372650146484
2023-03-08,65.19255828857422
2023-03-09,64.78099060058594
2023-03-10,64.94562530517578
2023-03-13,64.04016876220703
2023-03-14,63.957855224609375
2023-03-15,64.69868469238281
2023-03-16,65.76876068115234
2023-03-17,65.27487182617188
2023-03-20,66.34495544433594
2023-03-21,65.48066711425781
2023-03-22,65.52182006835938
2023-03-23,65.0279312133789
2023-03-24,64.53406524658203
2023-03-27,63.4639778137207
2023-03-28,63.299354553222656
2023-03-29,63.299354553222656
2023-03-31,64.12248992919922
2023-04-03,63.7932243347168
2023-04-05,63.505126953125
2023-04-06,63.957855224609375
2023-04-10,64.04016876220703
2023-04-11,64.12248992919922
2023-04-12,64.20480346679688
2023-04-13,63.54627990722656
2023-04-17,63.58745193481445
2023-04-18,64.20480346679688
2023-04-19,64.65752410888672
2023-04-20,64.36942291259766
2023-04-21,64.41059112548828
2023-04-24,64.41059112548828
2023-04-25,64.57520294189453
2023-04-26,64.57520294189453
2023-04-27,66.22148895263672
2023-04-28,67.00346374511719
2023-05-02,67.62081909179688
2023-05-03,68.07354736328125
2023-05-04,68.56742095947266
2023-05-05,68.15585327148438
2023-05-08,68.52627563476562
2023-05-09,69.14362335205078
2023-05-10,69.34941864013672
2023-05-11,69.10247039794922
2023-05-12,68.77322387695312
2023-05-15,69.30825805664062
2023-05-16,71.61304473876953
2023-05-17,72.0657730102539
2023-05-18,70.7898941040039
2023-05-19,70.8310546875
2023-05-22,71.73651123046875
2023-05-23,73.25931549072266
2023-05-24,73.79435729980469
2023-05-25,73.38279724121094
2023-05-26,74.24707794189453
2023-05-29,74.12361145019531
2023-05-30,74.32940673828125
2023-05-31,74.08245086669922
2023-06-01,74.49402618408203
2023-06-02,73.91783142089844
2023-06-05,73.46510314941406
2023-06-06,73.58857727050781
2023-06-07,74.78211975097656
2023-06-08,74.12361145019531
2023-06-09,74.32940673828125
2023-06-12,75.60525512695312
2023-06-13,75.64642333984375
2023-06-14,76.67534637451172
2023-06-15,76.46955108642578
2023-06-16,75.85221099853516
2023-06-19,75.64642333984375
2023-06-20,75.64642333984375
2023-06-21,75.7287368774414
2023-06-22,75.7287368774414
2023-06-23,73.50627136230469
2023-06-26,73.71204376220703
2023-06-27,73.54741668701172
2023-06-28,74.61750793457031
2023-06-30,75.15254974365234
2023-07-03,78.40393829345703
2023-07-04,77.9100570678711
2023-07-05,78.6097183227539
2023-07-06,81.16143798828125
2023-07-07,81.65533447265625
2023-07-10,80.1736831665039
2023-07-11,80.7498779296875
2023-07-12,80.58525085449219
2023-07-13,79.18590545654297
2023-07-14,79.51516723632812
2023-07-17,80.13252258300781
2023-07-18,80.33830261230469
2023-07-19,80.87333679199219
2023-07-20,81.28491973876953
2023-07-21,81.77880096435547
2023-07-24,82.19037628173828
2023-07-25,81.49071502685547
2023-07-26,81.98458099365234
2023-07-27,81.16143798828125
2023-07-28,80.86431121826172
2023-07-31,79.59085083007812
2023-08-01,79.8031005859375
2023-08-02,79.67574310302734
2023-08-03,79.37861633300781
2023-08-04,78.35985565185547
2023-08-07,78.82678985595703
2023-08-08,78.40229797363281
2023-08-09,79.71819305419922
2023-08-10,79.67574310302734
2023-08-11,79.37861633300781
2023-08-14,78.61454772949219
2023-08-16,79.20883178710938
2023-08-17,78.3174057006836
2023-08-18,77.59577941894531
2023-08-21,78.10516357421875
2023-08-22,77.9778060913086
2023-08-23,77.51089477539062
2023-08-24,78.3174057006836
2023-08-25,77.93537902832031
2023-08-28,78.020263671875
2023-08-29,78.020263671875
2023-08-30,77.04395294189453
2023-08-31,75.64314270019531
2023-09-01,75.60070037841797
2023-09-04,76.44966888427734
2023-09-05,77.55332946777344
2023-09-06,77.55332946777344
2023-09-07,77.85047149658203
2023-09-08,79.8031005859375
2023-09-11,80.82186126708984
2023-09-12,77.72312927246094
2023-09-13,79.03902435302734
2023-09-14,80.35493469238281
2023-09-15,78.06270599365234
2023-09-18,78.61454772949219
2023-09-20,77.9778060913086
2023-09-21,78.74188995361328
2023-09-22,78.3174057006836
2023-09-25,78.06270599365234
2023-09-26,78.10516357421875
2023-09-27,76.7468032836914
2023-09-28,76.2374267578125
2023-09-29,77.2137451171875
2023-10-03,76.40721130371094
2023-10-04,75.64314270019531
2023-10-05,76.11007690429688
2023-10-06,76.19497680664062
2023-10-09,74.24235534667969
2023-10-10,75.00642395019531
2023-10-11,76.15252685546875
2023-10-12,76.66191864013672
2023-10-13,77.12884521484375
2023-10-16,77.17129516601562
2023-10-17,77.9778060913086
2023-10-18,77.04395294189453
2023-10-19,76.95906066894531
2023-10-20,76.66191864013672
2023-10-23,74.66683197021484
2023-10-25,74.36969757080078
2023-10-26,73.18113708496094
2023-10-27,73.7754135131836
2023-10-30,74.9215316772461
2023-10-31,76.15252685546875
2023-11-01,78.48719787597656
2023-11-02,80.69451904296875
2023-11-03,81.4161376953125
2023-11-06,84.0479507446289
2023-11-07,88.33525085449219
2023-11-08,87.82585144042969
2023-11-09,87.40137481689453
2023-11-10,87.49060821533203
2023-11-13,88.33830261230469
2023-11-15,90.74752044677734
2023-11-16,92.88905334472656
2023-11-17,91.63983154296875
2023-11-20,91.77366638183594
2023-11-21,90.16752624511719
2023-11-22,90.34597778320312
2023-11-23,92.62136840820312
2023-11-24,92.30905151367188
2023-11-28,96.5475082397461
2023-11-29,96.85982513427734
2023-11-30,99.7152099609375
2023-12-01,99.26905059814453
2023-12-04,103.41827392578125
2023-12-05,105.0244140625
2023-12-06,106.45210266113281
2023-12-07,108.28133392333984
2023-12-08,106.00595092773438
2023-12-11,104.84595489501953
2023-12-12,104.89057922363281
2023-12-13,106.76441955566406
2023-12-14,107.16596221923828
2023-12-15,110.46749114990234
2023-12-18,110.958251953125
2023-12-19,111.27056121826172
2023-12-20,107.121337890625
2023-12-21,110.77979278564453
2023-12-22,110.37825012207031
2023-12-26,114.2597885131836
2023-12-27,112.9659423828125
2023-12-28,118.8997802734375
2023-12-29,115.86593627929688
2024-01-01,116.26748657226562
2024-01-02,116.49056243896484
2024-01-03,118.40899658203125
2024-01-04,117.0705337524414
2024-01-05,118.40899658203125
2024-01-08,118.36439514160156
2024-01-09,117.69515228271484
2024-01-10,116.49056243896484
2024-01-11,118.8997802734375
2024-01-12,120.72901153564453
2024-01-15,122.82592010498047
2024-01-16,128.13514709472656
2024-01-17,128.58131408691406
2024-01-18,128.93821716308594
2024-01-19,132.6412811279297
2024-01-23,123.98590850830078
2024-01-24,128.0012969970703
2024-01-25,128.22438049316406
2024-01-29,130.90130615234375
2024-01-30,131.79360961914062
2024-01-31,131.12437438964844
2024-02-01,133.62283325195312
2024-02-02,145.35665893554688
2024-02-05,155.21664428710938
2024-02-06,164.63046264648438
2024-02-07,166.3704376220703
2024-02-08,171.67965698242188
2024-02-09,162.84585571289062
2024-02-12,156.51046752929688
2024-02-13,155.66278076171875
2024-02-14,163.78277587890625
2024-02-15,169.404296875
2024-02-16,166.86123657226562
2024-02-19,168.19967651367188
2024-02-20,168.42274475097656
2024-02-21,162.66738891601562
2024-02-22,160.34738159179688
2024-02-23,156.9120330810547
2024-02-26,158.3843231201172
2024-02-27,154.59202575683594
2024-02-28,149.3720245361328
2024-02-29,147.72125244140625
2024-03-01,151.15664672851562
2024-03-04,156.3766326904297
2024-03-05,156.9120330810547
2024-03-06,158.25045776367188
2024-03-07,155.796630859375
2024-03-11,155.48431396484375
2024-03-12,154.27972412109375
2024-03-13,145.75819396972656
2024-03-14,152.0043182373047
2024-03-15,143.66127014160156
2024-03-18,143.48281860351562
2024-03-19,138.53050231933594
2024-03-20,141.20742797851562
2024-03-21,146.7843475341797
2024-03-22,147.3643341064453
2024-03-26,149.41664123535156
2024-03-27,148.30126953125
2024-03-28,149.68434143066406
2024-04-01,151.02279663085938
2024-04-02,155.43971252441406
2024-04-03,154.99356079101562
2024-04-04,151.3797149658203
2024-04-05,149.90740966796875
2024-04-08,151.959716796875
2024-04-09,150.7104949951172
2024-04-10,154.41355895996094
2024-04-12,151.82586669921875
2024-04-15,148.47972106933594
2024-04-16,150.79971313476562
2024-04-18,150.79971313476562
2024-04-19,148.7028045654297
2024-04-22,152.49510192871094
2024-04-23,149.9966278076172
2024-04-24,150.57662963867188
2024-04-25,151.8704833984375
2024-04-26,153.07510375976562
2024-04-29,157.715087890625
2024-04-30,150.66587829589844
2024-05-02,154.72586059570312
2024-05-03,152.36126708984375
2024-05-06,148.3458709716797
2024-05-07,142.7689666748047
2024-05-08,145.57974243164062
2024-05-09,139.73512268066406
2024-05-10,141.83204650878906
2024-05-13,141.16281127929688
2024-05-14,142.18896484375
2024-05-15,144.3751220703125
2024-05-16,145.31204223632812
2024-05-17,146.3828125
2024-05-21,148.92588806152344
2024-05-22,148.97048950195312
2024-05-23,149.86279296875
2024-05-24,150.6212615966797
2024-05-27,150.7104949951172
2024-05-28,149.05972290039062
2024-05-29,147.27511596679688
2024-05-30,144.50894165039062
2024-05-31,144.91049194335938
2024-06-03,156.42124938964844
2024-06-04,137.86129760742188
2024-06-05,142.0997314453125
2024-06-06,145.98126220703125
2024-06-07,146.5166473388672
2024-06-10,147.4178924560547
2024-06-11,149.6218719482422
2024-06-12,150.6569366455078
2024-06-13,150.75509643554688
2024-06-14,152.01324462890625
2024-06-18,151.32618713378906
2024-06-19,148.7920379638672
2024-06-20,150.77294921875
2024-06-21,148.676025390625
2024-06-24,148.39048767089844
2024-06-25,146.66831970214844
2024-06-26,146.57913208007812
2024-06-27,145.9634246826172
2024-06-28,147.7926483154297
2024-07-01,149.60403442382812
2024-07-02,150.17507934570312
2024-07-03,151.07632446289062
2024-07-04,151.84371948242188
2024-07-05,152.8341827392578
2024-07-08,151.75448608398438
2024-07-09,153.1821746826172
2024-07-10,153.3874053955078
2024-07-11,155.65386962890625
2024-07-12,155.28201293945312
2024-07-15,157.75477600097656
2024-07-16,158.72158813476562
2024-07-18,157.67111206054688
2024-07-19,153.84112548828125
2024-07-22,156.35107421875
2024-07-23,154.1479034423828
2024-07-24,156.9088134765625
2024-07-25,164.4014892578125
2024-07-26,164.1226043701172
2024-07-29,167.69232177734375
2024-07-30,170.07211303710938
2024-07-31,168.88221740722656
2024-08-01,167.07875061035156
2024-08-02,164.8105010986328
2024-08-05,158.58213806152344
2024-08-06,155.25413513183594
2024-08-07,160.09739685058594
2024-08-08,158.24745178222656
2024-08-09,157.18771362304688
2024-08-12,157.25277709960938
2024-08-13,152.5675506591797
2024-08-14,152.21429443359375
2024-08-16,155.40286254882812
2024-08-19,158.1080322265625
2024-08-20,160.106689453125
2024-08-21,161.64984130859375
2024-08-22,161.55686950683594
2024-08-23,160.943359375
2024-08-26,161.25013732910156
2024-08-27,161.05490112304688
2024-08-28,161.5196990966797
2024-08-29,164.39218139648438
2024-08-30,164.51304626464844
2024-09-02,166.14913940429688
2024-09-03,163.732177734375
2024-09-04,164.56883239746094
2024-09-05,168.575439453125
2024-09-06,164.20626831054688
2024-09-09,162.99778747558594
2024-09-10,163.19300842285156
2024-09-11,157.79197692871094
2024-09-12,161.06419372558594
2024-09-13,160.99911499023438
2024-09-16,159.72557067871094
2024-09-17,158.5077667236328
2024-09-18,156.5927734375
2024-09-19,153.42279052734375
2024-09-20,155.29132080078125
2024-09-23,157.7826690673828
2024-09-24,157.93141174316406
2024-09-25,157.8663330078125
2024-09-26,159.2979278564453
2024-09-27,167.33905029296875
2024-09-30,167.46920776367188
2024-10-01,166.45591735839844
2024-10-03,159.27005004882812
2024-10-04,156.7786865234375
2024-10-07,151.28469848632812
2024-10-08,152.67910766601562
2024-10-09,153.14390563964844
2024-10-10,152.8185577392578
2024-10-11,151.6658477783203
2024-10-14,153.82252502441406
2024-10-15,156.10935974121094
2024-10-16,156.53700256347656
2024-10-17,152.71627807617188
2024-10-18,153.71096801757812
2024-10-21,148.84912109375
2024-10-22,144.37770080566406
2024-10-23,142.17454528808594
2024-10-24,142.48129272460938
2024-10-25,136.01121520996094
2024-10-28,136.67123413085938
2024-10-29,133.97535705566406
2024-10-30,133.3060302734375
2024-10-31,132.58094787597656
2024-11-01,134.78411865234375
2024-11-04,129.15069580078125
2024-11-05,130.88906860351562
2024-11-06,134.4308624267578
2024-11-07,134.0032501220703
2024-11-08,130.46142578125
2024-11-11,129.61549377441406
2024-11-12,129.02053833007812
2024-11-13,126.41764068603516
2024-11-14,125.2741928100586
2024-11-18,124.69786071777344
2024-11-19,123.7496566772461
2024-11-21,121.5093002319336
2024-11-22,123.27555847167969
2024-11-25,126.79875946044922
2024-11-26,127.3193588256836
2024-11-27,129.21575927734375
2024-11-28,128.05377197265625
2024-11-29,128.87181091308594
2024-12-02,127.96078491210938
2024-12-03,129.68984985351562
2024-12-04,130.01522827148438
2024-12-05,129.62478637695312
2024-12-06,131.9674072265625
2024-12-09,132.3113555908203
2024-12-10,133.43618774414062
2024-12-11,133.11083984375
2024-12-12,131.5211944580078
2024-12-13,134.0869140625
2024-12-16,133.08294677734375
2024-12-17,130.44285583496094
2024-12-18,127.08696746826172
2024-12-19,129.7921142578125
2024-12-20,127.43091583251953
2024-12-23,128.08163452148438
2024-12-24,128.53713989257812
2024-12-26,128.14671325683594
2024-12-27,126.65933990478516
2024-12-30,125.13477325439453
2024-12-31,126.80806732177734
2025-01-01,127.39372253417969
2025-01-02,128.24896240234375
2025-01-03,128.41629028320312
2025-01-06,123.52654266357422
2025-01-07,124.87448120117188
2025-01-08,125.12548065185547
2025-01-09,122.8944091796875
2025-01-10,121.10955810546875
2025-01-13,113.40309143066406
2025-01-14,117.71648406982422
2025-01-15,118.01396179199219
2025-01-16,118.15340423583984
2025-01-17,119.05513000488281
2025-01-20,121.3140869140625
2025-01-21,121.8532485961914
2025-01-22,121.33267211914062
2025-01-23,120.69123840332031
2025-01-24,119.23174285888672
2025-01-27,115.42964935302734
2025-01-28,113.9515609741211
2025-01-29,114.93695068359375
2025-01-30,118.1719970703125
2025-01-31,119.445556640625
2025-02-01,116.59165954589844
2025-02-03,112.44560241699219
2025-02-04,115.69923400878906
2025-02-05,117.53056335449219
2025-02-06,117.14942169189453
2025-02-07,116.30348205566406
2025-02-10,114.50933074951172
2025-02-11,111.99009704589844
2025-02-12,111.943603515625
2025-02-13,111.6275405883789
2025-02-14,108.99674987792969
2025-02-17,110.11227416992188
2025-02-18,110.62356567382812
2025-02-19,111.43231964111328
2025-02-20,114.14678955078125
2025-02-21,112.78955841064453
2025-02-24,111.7576904296875
2025-02-25,110.29820251464844
2025-02-27,108.22516632080078
2025-02-28,105.50141143798828
2025-03-03,106.49609375
2025-03-04,109.73113250732422
2025-03-05,113.6447982788086
2025-03-06,116.98208618164062
2025-03-07,116.05248260498047
2025-03-10,113.03125
2025-03-11,116.03389739990234
2025-03-12,116.47080993652344
2025-03-13,116.82406616210938
2025-03-17,115.37387084960938
2025-03-18,115.37387084960938
2025-03-19,118.75764465332031
2025-03-20,120.11488342285156
2025-03-21,122.25297546386719
2025-03-24,124.26094055175781
2025-03-25,121.80677032470703
2025-03-26,120.00332641601562
2025-03-27,121.1839370727539
2025-03-28,118.71116638183594
2025-04-01,122.00199890136719
2025-04-02,122.06707000732422
2025-04-03,121.83465576171875
2025-04-04,120.97941589355469
2025-04-07,119.07371520996094
2025-04-08,121.76028442382812
2025-04-09,122.35523986816406
2025-04-11,122.55046081542969
2025-04-15,123.51725769042969
2025-04-16,124.40967559814453
2025-04-17,124.84661102294922
2025-04-21,128.9182891845703
2025-04-22,128.5743408203125
2025-04-23,127.96078491210938
2025-04-24,128.64869689941406
2025-04-25,125.17195129394531
2025-04-28,126.8824462890625
2025-04-29,126.22241973876953
2025-04-30,128.156005859375
2025-05-02,132.9156036376953
2025-05-05,138.1028289794922
2025-05-06,133.93817138671875
2025-05-07,134.31932067871094
2025-05-08,131.06568908691406
2025-05-09,130.13607788085938
2025-05-12,132.32997131347656
2025-05-13,131.71641540527344
2025-05-14,133.37110900878906
2025-05-15,134.79342651367188
2025-05-16,134.5331268310547
2025-05-19,134.5052490234375
2025-05-20,131.9302215576172
2025-05-21,133.29673767089844
2025-05-22,133.2037811279297
2025-05-23,133.91958618164062
2025-05-26,133.47337341308594
2025-05-27,133.31533813476562
2025-05-28,134.04971313476562
2025-05-29,133.58493041992188
2025-05-30,131.97669982910156
2025-06-02,133.28746032714844
2025-06-03,131.11215209960938
2025-06-04,130.76820373535156
2025-06-05,129.43887329101562
2025-06-06,130.87045288085938
2025-06-09,133.231689453125
2025-06-10,132.18121337890625
2025-06-11,134.93284606933594
2025-06-12,132.92491149902344
2025-06-13,130.46142578125
2025-06-16,131.8651580810547
2025-06-17,131.70712280273438
2025-06-18,130.9076690673828
2025-06-19,128.9089813232422
2025-06-20,128.89039611816406
2025-06-23,130.0709991455078
2025-06-24,132.78546142578125
2025-06-25,131.9860076904297
2025-06-26,135.9833221435547
2025-06-27,136.85716247558594
2025-06-30,136.61546325683594
2025-07-01,136.78277587890625
2025-07-02,137.4985809326172
2025-07-03,137.46139526367188
2025-07-04,140.9474334716797
2025-07-07,142.92750549316406
2025-07-08,142.99258422851562
2025-07-09,139.6738739013672
2025-07-10,141.6074676513672
2025-07-11,140.0457000732422
2025-07-14,139.53443908691406
2025-07-15,140.74290466308594
2025-07-16,141.33786010742188
2025-07-17,140.33389282226562
2025-07-18,139.4972381591797
2025-07-21,140.4361572265625
2025-07-22,141.28208923339844
2025-07-23,141.6260528564453
2025-07-24,140.57559204101562
2025-07-25,136.61546325683594
2025-07-28,137.17323303222656
2025-07-29,137.52647399902344
2025-07-30,138.54904174804688
2025-07-31,135.36976623535156
2025-08-01,131.10287475585938
2025-08-04,132.3578643798828
2025-08-05,131.3259735107422
2025-08-06,132.2555694580078
2025-08-07,131.69781494140625
2025-08-08,132.87547302246094
2025-08-11,134.300048828125
2025-08-12,135.47769165039062
2025-08-13,135.26876831054688
2025-08-14,133.0844268798828
2025-08-18,133.25535583496094
2025-08-19,134.86988830566406
2025-08-20,134.3285675048828
2025-08-21,134.3285675048828
2025-08-22,132.9134521484375
2025-08-25,132.9229736328125
2025-08-26,131.97323608398438
2025-08-28,131.52688598632812
2025-08-29,129.75088500976562
2025-09-01,132.54306030273438
2025-09-02,132.6000518798828
2025-09-03,133.42633056640625
2025-09-04,132.65704345703125
2025-09-05,132.62852478027344
2025-09-08,133.81568908691406
2025-09-09,133.85369873046875
2025-09-10,134.0436248779297
2025-09-11,136.69334411621094
2025-09-12,135.43971252441406
2025-09-15,136.75035095214844
2025-09-16,137.6905517578125
2025-09-17,138.602294921875
2025-09-18,139.75144958496094
2025-09-19,141.03358459472656
2025-09-22,140.84364318847656
2025-09-23,140.78665161132812
2025-09-24,139.39056396484375
2025-09-25,138.8682098388672
2025-09-26,137.74752807617188
2025-09-29,141.8028564453125
2025-09-30,142.2587127685547
2025-10-01,142.17323303222656
2025-10-03,142.8285675048828
2025-10-06,147.05479431152344
2025-10-07,146.6084442138672
2025-10-08,145.8486785888672
2025-10-09,147.44419860839844
2025-10-10,146.36151123046875
2025-10-13,147.4536895751953
2025-10-14,145.1268768310547
2025-10-15,145.96263122558594
2025-10-16,145.94363403320312
2025-10-17,145.2218475341797
2025-10-20,146.1145782470703
2025-10-21,146.38052368164062
2025-10-23,142.57211303710938
2025-10-24,142.80955505371094
2025-10-27,147.39671325683594
2025-10-28,146.7509002685547
2025-10-29,154.88999938964844
2025-10-30,155.2888946533203
2025-10-31,157.55873107910156
2025-11-03,159.2967071533203
2025-11-04,160.7402801513672
2025-11-06,159.904541015625
2025-11-07,160.65480041503906
2025-11-10,160.87326049804688
2025-11-11,163.76991271972656
2025-11-12,163.63693237304688
2025-11-13,163.77938842773438
2025-11-14,162.63973999023438
2025-11-17,164.41571044921875
2025-11-18,162.96263122558594
2025-11-19,160.81626892089844
2025-11-20,160.2179412841797
2025-11-21,158.93582153320312
2025-11-24,157.35928344726562
2025-11-25,155.8682098388672
2025-11-26,157.26431274414062
2025-11-27,155.5738067626953
2025-11-28,153.6173858642578
2025-12-01,154.77603149414062
2025-12-02,154.17771911621094
2025-12-03,155.8587188720703
2025-12-04,154.57659912109375
2025-12-05,155.43133544921875
2025-12-08,153.9497833251953
2025-12-09,154.81402587890625
2025-12-10,154.87103271484375
2025-12-11,153.6173858642578
2025-12-12,155.4408416748047
2025-12-15,160.0754852294922
2025-12-16,159.30621337890625
2025-12-17,159.70509338378906
2025-12-18,158.324951171875
2025-12-19,159.15695190429688
2025-12-22,160.1945037841797
2025-12-23,159.81277465820312
2025-12-24,157.75723266601562
2025-12-26,156.90565490722656
2025-12-29,158.55007934570312
2025-12-30,158.14877319335938
2025-12-31,162.9352264404297
